patch1,1
patch1_10,1
patch1_20,1
patch1_30,1
patch1_40,1
patch1_50,1
patch1_60,1
patch1_70,1
patch1_80,1
patch1_90,1
patch1_100,1
patch1_110,1
patch1_120,1
patch1_130,1
patch1_140,1
patch1_150,1
patch1_160,1
patch1_170,1
patch1_180,1
patch1_190,1
patch1_200,1
patch1_210,1
patch1_220,1
patch1_230,1
patch1_240,1
patch1_250,1
patch1_260,1
patch1_270,1
patch1_280,1
patch1_290,1
patch1_300,1
patch1_310,1
patch1_320,1
patch1_330,1
patch1_340,1
patch1_350,1
patch1_360,1
patch2,1
patch2_10,1
patch2_20,1
patch2_30,1
patch2_40,1
patch2_50,1
patch2_60,1
patch2_70,1
patch2_80,1
patch2_90,1
patch2_100,1
patch2_110,1
patch2_120,1
patch2_130,1
patch2_140,1
patch2_150,1
patch2_160,1
patch2_170,1
patch2_180,1
patch2_190,1
patch2_200,1
patch2_210,1
patch2_220,1
patch2_230,1
patch2_240,1
patch2_250,1
patch2_260,1
patch2_270,1
patch2_280,1
patch2_290,1
patch2_300,1
patch2_310,1
patch2_320,1
patch2_330,1
patch2_340,1
patch2_350,1
patch2_360,1
patch3,1
patch3_10,1
patch3_20,1
patch3_30,1
patch3_40,1
patch3_50,1
patch3_60,1
patch3_70,1
patch3_80,1
patch3_90,1
patch3_100,1
patch3_110,1
patch3_120,1
patch3_130,1
patch3_140,1
patch3_150,1
patch3_160,1
patch3_170,1
patch3_180,1
patch3_190,1
patch3_200,1
patch3_210,1
patch3_220,1
patch3_230,1
patch3_240,1
patch3_250,1
patch3_260,1
patch3_270,1
patch3_280,1
patch3_290,1
patch3_300,1
patch3_310,1
patch3_320,1
patch3_330,1
patch3_340,1
patch3_350,1
patch3_360,1
patch4,1
patch4_10,1
patch4_20,1
patch4_30,1
patch4_40,1
patch4_50,1
patch4_60,1
patch4_70,1
patch4_80,1
patch4_90,1
patch4_100,1
patch4_110,1
patch4_120,1
patch4_130,1
patch4_140,1
patch4_150,1
patch4_160,1
patch4_170,1
patch4_180,1
patch4_190,1
patch4_200,1
patch4_210,1
patch4_220,1
patch4_230,1
patch4_240,1
patch4_250,1
patch4_260,1
patch4_270,1
patch4_280,1
patch4_290,1
patch4_300,1
patch4_310,1
patch4_320,1
patch4_330,1
patch4_340,1
patch4_350,1
patch4_360,1
patch5,1
patch5_10,1
patch5_20,1
patch5_30,1
patch5_40,1
patch5_50,1
patch5_60,1
patch5_70,1
patch5_80,1
patch5_90,1
patch5_100,1
patch5_110,1
patch5_120,1
patch5_130,1
patch5_140,1
patch5_150,1
patch5_160,1
patch5_170,1
patch5_180,1
patch5_190,1
patch5_200,1
patch5_210,1
patch5_220,1
patch5_230,1
patch5_240,1
patch5_250,1
patch5_260,1
patch5_270,1
patch5_280,1
patch5_290,1
patch5_300,1
patch5_310,1
patch5_320,1
patch5_330,1
patch5_340,1
patch5_350,1
patch5_360,1
patch6,1
patch6_10,1
patch6_20,1
patch6_30,1
patch6_40,1
patch6_50,1
patch6_60,1
patch6_70,1
patch6_80,1
patch6_90,1
patch6_100,1
patch6_110,1
patch6_120,1
patch6_130,1
patch6_140,1
patch6_150,1
patch6_160,1
patch6_170,1
patch6_180,1
patch6_190,1
patch6_200,1
patch6_210,1
patch6_220,1
patch6_230,1
patch6_240,1
patch6_250,1
patch6_260,1
patch6_270,1
patch6_280,1
patch6_290,1
patch6_300,1
patch6_310,1
patch6_320,1
patch6_330,1
patch6_340,1
patch6_350,1
patch6_360,1
patch7,1
patch7_10,1
patch7_20,1
patch7_30,1
patch7_40,1
patch7_50,1
patch7_60,1
patch7_70,1
patch7_80,1
patch7_90,1
patch7_100,1
patch7_110,1
patch7_120,1
patch7_130,1
patch7_140,1
patch7_150,1
patch7_160,1
patch7_170,1
patch7_180,1
patch7_190,1
patch7_200,1
patch7_210,1
patch7_220,1
patch7_230,1
patch7_240,1
patch7_250,1
patch7_260,1
patch7_270,1
patch7_280,1
patch7_290,1
patch7_300,1
patch7_310,1
patch7_320,1
patch7_330,1
patch7_340,1
patch7_350,1
patch7_360,1
patch8,1
patch8_10,1
patch8_20,1
patch8_30,1
patch8_40,1
patch8_50,1
patch8_60,1
patch8_70,1
patch8_80,1
patch8_90,1
patch8_100,1
patch8_110,1
patch8_120,1
patch8_130,1
patch8_140,1
patch8_150,1
patch8_160,1
patch8_170,1
patch8_180,1
patch8_190,1
patch8_200,1
patch8_210,1
patch8_220,1
patch8_230,1
patch8_240,1
patch8_250,1
patch8_260,1
patch8_270,1
patch8_280,1
patch8_290,1
patch8_300,1
patch8_310,1
patch8_320,1
patch8_330,1
patch8_340,1
patch8_350,1
patch8_360,1
patch9,1
patch9_10,1
patch9_20,1
patch9_30,1
patch9_40,1
patch9_50,1
patch9_60,1
patch9_70,1
patch9_80,1
patch9_90,1
patch9_100,1
patch9_110,1
patch9_120,1
patch9_130,1
patch9_140,1
patch9_150,1
patch9_160,1
patch9_170,1
patch9_180,1
patch9_190,1
patch9_200,1
patch9_210,1
patch9_220,1
patch9_230,1
patch9_240,1
patch9_250,1
patch9_260,1
patch9_270,1
patch9_280,1
patch9_290,1
patch9_300,1
patch9_310,1
patch9_320,1
patch9_330,1
patch9_340,1
patch9_350,1
patch9_360,1
patch10,1
patch10_10,1
patch10_20,1
patch10_30,1
patch10_40,1
patch10_50,1
patch10_60,1
patch10_70,1
patch10_80,1
patch10_90,1
patch10_100,1
patch10_110,1
patch10_120,1
patch10_130,1
patch10_140,1
patch10_150,1
patch10_160,1
patch10_170,1
patch10_180,1
patch10_190,1
patch10_200,1
patch10_210,1
patch10_220,1
patch10_230,1
patch10_240,1
patch10_250,1
patch10_260,1
patch10_270,1
patch10_280,1
patch10_290,1
patch10_300,1
patch10_310,1
patch10_320,1
patch10_330,1
patch10_340,1
patch10_350,1
patch10_360,1
patch11,1
patch11_10,1
patch11_20,1
patch11_30,1
patch11_40,1
patch11_50,1
patch11_60,1
patch11_70,1
patch11_80,1
patch11_90,1
patch11_100,1
patch11_110,1
patch11_120,1
patch11_130,1
patch11_140,1
patch11_150,1
patch11_160,1
patch11_170,1
patch11_180,1
patch11_190,1
patch11_200,1
patch11_210,1
patch11_220,1
patch11_230,1
patch11_240,1
patch11_250,1
patch11_260,1
patch11_270,1
patch11_280,1
patch11_290,1
patch11_300,1
patch11_310,1
patch11_320,1
patch11_330,1
patch11_340,1
patch11_350,1
patch11_360,1
patch12,1
patch12_10,1
patch12_20,1
patch12_30,1
patch12_40,1
patch12_50,1
patch12_60,1
patch12_70,1
patch12_80,1
patch12_90,1
patch12_100,1
patch12_110,1
patch12_120,1
patch12_130,1
patch12_140,1
patch12_150,1
patch12_160,1
patch12_170,1
patch12_180,1
patch12_190,1
patch12_200,1
patch12_210,1
patch12_220,1
patch12_230,1
patch12_240,1
patch12_250,1
patch12_260,1
patch12_270,1
patch12_280,1
patch12_290,1
patch12_300,1
patch12_310,1
patch12_320,1
patch12_330,1
patch12_340,1
patch12_350,1
patch12_360,1
patch13,1
patch13_10,1
patch13_20,1
patch13_30,1
patch13_40,1
patch13_50,1
patch13_60,1
patch13_70,1
patch13_80,1
patch13_90,1
patch13_100,1
patch13_110,1
patch13_120,1
patch13_130,1
patch13_140,1
patch13_150,1
patch13_160,1
patch13_170,1
patch13_180,1
patch13_190,1
patch13_200,1
patch13_210,1
patch13_220,1
patch13_230,1
patch13_240,1
patch13_250,1
patch13_260,1
patch13_270,1
patch13_280,1
patch13_290,1
patch13_300,1
patch13_310,1
patch13_320,1
patch13_330,1
patch13_340,1
patch13_350,1
patch13_360,1
patch14,1
patch14_10,1
patch14_20,1
patch14_30,1
patch14_40,1
patch14_50,1
patch14_60,1
patch14_70,1
patch14_80,1
patch14_90,1
patch14_100,1
patch14_110,1
patch14_120,1
patch14_130,1
patch14_140,1
patch14_150,1
patch14_160,1
patch14_170,1
patch14_180,1
patch14_190,1
patch14_200,1
patch14_210,1
patch14_220,1
patch14_230,1
patch14_240,1
patch14_250,1
patch14_260,1
patch14_270,1
patch14_280,1
patch14_290,1
patch14_300,1
patch14_310,1
patch14_320,1
patch14_330,1
patch14_340,1
patch14_350,1
patch14_360,1
patch15,1
patch15_10,1
patch15_20,1
patch15_30,1
patch15_40,1
patch15_50,1
patch15_60,1
patch15_70,1
patch15_80,1
patch15_90,1
patch15_100,1
patch15_110,1
patch15_120,1
patch15_130,1
patch15_140,1
patch15_150,1
patch15_160,1
patch15_170,1
patch15_180,1
patch15_190,1
patch15_200,1
patch15_210,1
patch15_220,1
patch15_230,1
patch15_240,1
patch15_250,1
patch15_260,1
patch15_270,1
patch15_280,1
patch15_290,1
patch15_300,1
patch15_310,1
patch15_320,1
patch15_330,1
patch15_340,1
patch15_350,1
patch15_360,1
patch16,1
patch16_10,1
patch16_20,1
patch16_30,1
patch16_40,1
patch16_50,1
patch16_60,1
patch16_70,1
patch16_80,1
patch16_90,1
patch16_100,1
patch16_110,1
patch16_120,1
patch16_130,1
patch16_140,1
patch16_150,1
patch16_160,1
patch16_170,1
patch16_180,1
patch16_190,1
patch16_200,1
patch16_210,1
patch16_220,1
patch16_230,1
patch16_240,1
patch16_250,1
patch16_260,1
patch16_270,1
patch16_280,1
patch16_290,1
patch16_300,1
patch16_310,1
patch16_320,1
patch16_330,1
patch16_340,1
patch16_350,1
patch16_360,1
patch17,1
patch17_10,1
patch17_20,1
patch17_30,1
patch17_40,1
patch17_50,1
patch17_60,1
patch17_70,1
patch17_80,1
patch17_90,1
patch17_100,1
patch17_110,1
patch17_120,1
patch17_130,1
patch17_140,1
patch17_150,1
patch17_160,1
patch17_170,1
patch17_180,1
patch17_190,1
patch17_200,1
patch17_210,1
patch17_220,1
patch17_230,1
patch17_240,1
patch17_250,1
patch17_260,1
patch17_270,1
patch17_280,1
patch17_290,1
patch17_300,1
patch17_310,1
patch17_320,1
patch17_330,1
patch17_340,1
patch17_350,1
patch17_360,1
patch18,1
patch18_10,1
patch18_20,1
patch18_30,1
patch18_40,1
patch18_50,1
patch18_60,1
patch18_70,1
patch18_80,1
patch18_90,1
patch18_100,1
patch18_110,1
patch18_120,1
patch18_130,1
patch18_140,1
patch18_150,1
patch18_160,1
patch18_170,1
patch18_180,1
patch18_190,1
patch18_200,1
patch18_210,1
patch18_220,1
patch18_230,1
patch18_240,1
patch18_250,1
patch18_260,1
patch18_270,1
patch18_280,1
patch18_290,1
patch18_300,1
patch18_310,1
patch18_320,1
patch18_330,1
patch18_340,1
patch18_350,1
patch18_360,1
patch19,1
patch19_10,1
patch19_20,1
patch19_30,1
patch19_40,1
patch19_50,1
patch19_60,1
patch19_70,1
patch19_80,1
patch19_90,1
patch19_100,1
patch19_110,1
patch19_120,1
patch19_130,1
patch19_140,1
patch19_150,1
patch19_160,1
patch19_170,1
patch19_180,1
patch19_190,1
patch19_200,1
patch19_210,1
patch19_220,1
patch19_230,1
patch19_240,1
patch19_250,1
patch19_260,1
patch19_270,1
patch19_280,1
patch19_290,1
patch19_300,1
patch19_310,1
patch19_320,1
patch19_330,1
patch19_340,1
patch19_350,1
patch19_360,1
patch20,1
patch20_10,1
patch20_20,1
patch20_30,1
patch20_40,1
patch20_50,1
patch20_60,1
patch20_70,1
patch20_80,1
patch20_90,1
patch20_100,1
patch20_110,1
patch20_120,1
patch20_130,1
patch20_140,1
patch20_150,1
patch20_160,1
patch20_170,1
patch20_180,1
patch20_190,1
patch20_200,1
patch20_210,1
patch20_220,1
patch20_230,1
patch20_240,1
patch20_250,1
patch20_260,1
patch20_270,1
patch20_280,1
patch20_290,1
patch20_300,1
patch20_310,1
patch20_320,1
patch20_330,1
patch20_340,1
patch20_350,1
patch20_360,1
patch21,1
patch21_10,1
patch21_20,1
patch21_30,1
patch21_40,1
patch21_50,1
patch21_60,1
patch21_70,1
patch21_80,1
patch21_90,1
patch21_100,1
patch21_110,1
patch21_120,1
patch21_130,1
patch21_140,1
patch21_150,1
patch21_160,1
patch21_170,1
patch21_180,1
patch21_190,1
patch21_200,1
patch21_210,1
patch21_220,1
patch21_230,1
patch21_240,1
patch21_250,1
patch21_260,1
patch21_270,1
patch21_280,1
patch21_290,1
patch21_300,1
patch21_310,1
patch21_320,1
patch21_330,1
patch21_340,1
patch21_350,1
patch21_360,1
patch22,1
patch22_10,1
patch22_20,1
patch22_30,1
patch22_40,1
patch22_50,1
patch22_60,1
patch22_70,1
patch22_80,1
patch22_90,1
patch22_100,1
patch22_110,1
patch22_120,1
patch22_130,1
patch22_140,1
patch22_150,1
patch22_160,1
patch22_170,1
patch22_180,1
patch22_190,1
patch22_200,1
patch22_210,1
patch22_220,1
patch22_230,1
patch22_240,1
patch22_250,1
patch22_260,1
patch22_270,1
patch22_280,1
patch22_290,1
patch22_300,1
patch22_310,1
patch22_320,1
patch22_330,1
patch22_340,1
patch22_350,1
patch22_360,1
patch23,1
patch23_10,1
patch23_20,1
patch23_30,1
patch23_40,1
patch23_50,1
patch23_60,1
patch23_70,1
patch23_80,1
patch23_90,1
patch23_100,1
patch23_110,1
patch23_120,1
patch23_130,1
patch23_140,1
patch23_150,1
patch23_160,1
patch23_170,1
patch23_180,1
patch23_190,1
patch23_200,1
patch23_210,1
patch23_220,1
patch23_230,1
patch23_240,1
patch23_250,1
patch23_260,1
patch23_270,1
patch23_280,1
patch23_290,1
patch23_300,1
patch23_310,1
patch23_320,1
patch23_330,1
patch23_340,1
patch23_350,1
patch23_360,1
patch24,1
patch24_10,1
patch24_20,1
patch24_30,1
patch24_40,1
patch24_50,1
patch24_60,1
patch24_70,1
patch24_80,1
patch24_90,1
patch24_100,1
patch24_110,1
patch24_120,1
patch24_130,1
patch24_140,1
patch24_150,1
patch24_160,1
patch24_170,1
patch24_180,1
patch24_190,1
patch24_200,1
patch24_210,1
patch24_220,1
patch24_230,1
patch24_240,1
patch24_250,1
patch24_260,1
patch24_270,1
patch24_280,1
patch24_290,1
patch24_300,1
patch24_310,1
patch24_320,1
patch24_330,1
patch24_340,1
patch24_350,1
patch24_360,1
patch25,1
patch25_10,1
patch25_20,1
patch25_30,1
patch25_40,1
patch25_50,1
patch25_60,1
patch25_70,1
patch25_80,1
patch25_90,1
patch25_100,1
patch25_110,1
patch25_120,1
patch25_130,1
patch25_140,1
patch25_150,1
patch25_160,1
patch25_170,1
patch25_180,1
patch25_190,1
patch25_200,1
patch25_210,1
patch25_220,1
patch25_230,1
patch25_240,1
patch25_250,1
patch25_260,1
patch25_270,1
patch25_280,1
patch25_290,1
patch25_300,1
patch25_310,1
patch25_320,1
patch25_330,1
patch25_340,1
patch25_350,1
patch25_360,1
patch26,1
patch26_10,1
patch26_20,1
patch26_30,1
patch26_40,1
patch26_50,1
patch26_60,1
patch26_70,1
patch26_80,1
patch26_90,1
patch26_100,1
patch26_110,1
patch26_120,1
patch26_130,1
patch26_140,1
patch26_150,1
patch26_160,1
patch26_170,1
patch26_180,1
patch26_190,1
patch26_200,1
patch26_210,1
patch26_220,1
patch26_230,1
patch26_240,1
patch26_250,1
patch26_260,1
patch26_270,1
patch26_280,1
patch26_290,1
patch26_300,1
patch26_310,1
patch26_320,1
patch26_330,1
patch26_340,1
patch26_350,1
patch26_360,1
patch27,1
patch27_10,1
patch27_20,1
patch27_30,1
patch27_40,1
patch27_50,1
patch27_60,1
patch27_70,1
patch27_80,1
patch27_90,1
patch27_100,1
patch27_110,1
patch27_120,1
patch27_130,1
patch27_140,1
patch27_150,1
patch27_160,1
patch27_170,1
patch27_180,1
patch27_190,1
patch27_200,1
patch27_210,1
patch27_220,1
patch27_230,1
patch27_240,1
patch27_250,1
patch27_260,1
patch27_270,1
patch27_280,1
patch27_290,1
patch27_300,1
patch27_310,1
patch27_320,1
patch27_330,1
patch27_340,1
patch27_350,1
patch27_360,1
patch28,1
patch28_10,1
patch28_20,1
patch28_30,1
patch28_40,1
patch28_50,1
patch28_60,1
patch28_70,1
patch28_80,1
patch28_90,1
patch28_100,1
patch28_110,1
patch28_120,1
patch28_130,1
patch28_140,1
patch28_150,1
patch28_160,1
patch28_170,1
patch28_180,1
patch28_190,1
patch28_200,1
patch28_210,1
patch28_220,1
patch28_230,1
patch28_240,1
patch28_250,1
patch28_260,1
patch28_270,1
patch28_280,1
patch28_290,1
patch28_300,1
patch28_310,1
patch28_320,1
patch28_330,1
patch28_340,1
patch28_350,1
patch28_360,1
patch29,1
patch29_10,1
patch29_20,1
patch29_30,1
patch29_40,1
patch29_50,1
patch29_60,1
patch29_70,1
patch29_80,1
patch29_90,1
patch29_100,1
patch29_110,1
patch29_120,1
patch29_130,1
patch29_140,1
patch29_150,1
patch29_160,1
patch29_170,1
patch29_180,1
patch29_190,1
patch29_200,1
patch29_210,1
patch29_220,1
patch29_230,1
patch29_240,1
patch29_250,1
patch29_260,1
patch29_270,1
patch29_280,1
patch29_290,1
patch29_300,1
patch29_310,1
patch29_320,1
patch29_330,1
patch29_340,1
patch29_350,1
patch29_360,1
patch30,1
patch30_10,1
patch30_20,1
patch30_30,1
patch30_40,1
patch30_50,1
patch30_60,1
patch30_70,1
patch30_80,1
patch30_90,1
patch30_100,1
patch30_110,1
patch30_120,1
patch30_130,1
patch30_140,1
patch30_150,1
patch30_160,1
patch30_170,1
patch30_180,1
patch30_190,1
patch30_200,1
patch30_210,1
patch30_220,1
patch30_230,1
patch30_240,1
patch30_250,1
patch30_260,1
patch30_270,1
patch30_280,1
patch30_290,1
patch30_300,1
patch30_310,1
patch30_320,1
patch30_330,1
patch30_340,1
patch30_350,1
patch30_360,1
patch31,1
patch31_10,1
patch31_20,1
patch31_30,1
patch31_40,1
patch31_50,1
patch31_60,1
patch31_70,1
patch31_80,1
patch31_90,1
patch31_100,1
patch31_110,1
patch31_120,1
patch31_130,1
patch31_140,1
patch31_150,1
patch31_160,1
patch31_170,1
patch31_180,1
patch31_190,1
patch31_200,1
patch31_210,1
patch31_220,1
patch31_230,1
patch31_240,1
patch31_250,1
patch31_260,1
patch31_270,1
patch31_280,1
patch31_290,1
patch31_300,1
patch31_310,1
patch31_320,1
patch31_330,1
patch31_340,1
patch31_350,1
patch31_360,1
patch32,1
patch32_10,1
patch32_20,1
patch32_30,1
patch32_40,1
patch32_50,1
patch32_60,1
patch32_70,1
patch32_80,1
patch32_90,1
patch32_100,1
patch32_110,1
patch32_120,1
patch32_130,1
patch32_140,1
patch32_150,1
patch32_160,1
patch32_170,1
patch32_180,1
patch32_190,1
patch32_200,1
patch32_210,1
patch32_220,1
patch32_230,1
patch32_240,1
patch32_250,1
patch32_260,1
patch32_270,1
patch32_280,1
patch32_290,1
patch32_300,1
patch32_310,1
patch32_320,1
patch32_330,1
patch32_340,1
patch32_350,1
patch32_360,1
patch33,1
patch33_10,1
patch33_20,1
patch33_30,1
patch33_40,1
patch33_50,1
patch33_60,1
patch33_70,1
patch33_80,1
patch33_90,1
patch33_100,1
patch33_110,1
patch33_120,1
patch33_130,1
patch33_140,1
patch33_150,1
patch33_160,1
patch33_170,1
patch33_180,1
patch33_190,1
patch33_200,1
patch33_210,1
patch33_220,1
patch33_230,1
patch33_240,1
patch33_250,1
patch33_260,1
patch33_270,1
patch33_280,1
patch33_290,1
patch33_300,1
patch33_310,1
patch33_320,1
patch33_330,1
patch33_340,1
patch33_350,1
patch33_360,1
patch34,1
patch34_10,1
patch34_20,1
patch34_30,1
patch34_40,1
patch34_50,1
patch34_60,1
patch34_70,1
patch34_80,1
patch34_90,1
patch34_100,1
patch34_110,1
patch34_120,1
patch34_130,1
patch34_140,1
patch34_150,1
patch34_160,1
patch34_170,1
patch34_180,1
patch34_190,1
patch34_200,1
patch34_210,1
patch34_220,1
patch34_230,1
patch34_240,1
patch34_250,1
patch34_260,1
patch34_270,1
patch34_280,1
patch34_290,1
patch34_300,1
patch34_310,1
patch34_320,1
patch34_330,1
patch34_340,1
patch34_350,1
patch34_360,1
patch35,1
patch35_10,1
patch35_20,1
patch35_30,1
patch35_40,1
patch35_50,1
patch35_60,1
patch35_70,1
patch35_80,1
patch35_90,1
patch35_100,1
patch35_110,1
patch35_120,1
patch35_130,1
patch35_140,1
patch35_150,1
patch35_160,1
patch35_170,1
patch35_180,1
patch35_190,1
patch35_200,1
patch35_210,1
patch35_220,1
patch35_230,1
patch35_240,1
patch35_250,1
patch35_260,1
patch35_270,1
patch35_280,1
patch35_290,1
patch35_300,1
patch35_310,1
patch35_320,1
patch35_330,1
patch35_340,1
patch35_350,1
patch35_360,1
patch36,1
patch36_10,1
patch36_20,1
patch36_30,1
patch36_40,1
patch36_50,1
patch36_60,1
patch36_70,1
patch36_80,1
patch36_90,1
patch36_100,1
patch36_110,1
patch36_120,1
patch36_130,1
patch36_140,1
patch36_150,1
patch36_160,1
patch36_170,1
patch36_180,1
patch36_190,1
patch36_200,1
patch36_210,1
patch36_220,1
patch36_230,1
patch36_240,1
patch36_250,1
patch36_260,1
patch36_270,1
patch36_280,1
patch36_290,1
patch36_300,1
patch36_310,1
patch36_320,1
patch36_330,1
patch36_340,1
patch36_350,1
patch36_360,1
patch37,1
patch37_10,1
patch37_20,1
patch37_30,1
patch37_40,1
patch37_50,1
patch37_60,1
patch37_70,1
patch37_80,1
patch37_90,1
patch37_100,1
patch37_110,1
patch37_120,1
patch37_130,1
patch37_140,1
patch37_150,1
patch37_160,1
patch37_170,1
patch37_180,1
patch37_190,1
patch37_200,1
patch37_210,1
patch37_220,1
patch37_230,1
patch37_240,1
patch37_250,1
patch37_260,1
patch37_270,1
patch37_280,1
patch37_290,1
patch37_300,1
patch37_310,1
patch37_320,1
patch37_330,1
patch37_340,1
patch37_350,1
patch37_360,1
patch38,1
patch38_10,1
patch38_20,1
patch38_30,1
patch38_40,1
patch38_50,1
patch38_60,1
patch38_70,1
patch38_80,1
patch38_90,1
patch38_100,1
patch38_110,1
patch38_120,1
patch38_130,1
patch38_140,1
patch38_150,1
patch38_160,1
patch38_170,1
patch38_180,1
patch38_190,1
patch38_200,1
patch38_210,1
patch38_220,1
patch38_230,1
patch38_240,1
patch38_250,1
patch38_260,1
patch38_270,1
patch38_280,1
patch38_290,1
patch38_300,1
patch38_310,1
patch38_320,1
patch38_330,1
patch38_340,1
patch38_350,1
patch38_360,1
patch39,1
patch39_10,1
patch39_20,1
patch39_30,1
patch39_40,1
patch39_50,1
patch39_60,1
patch39_70,1
patch39_80,1
patch39_90,1
patch39_100,1
patch39_110,1
patch39_120,1
patch39_130,1
patch39_140,1
patch39_150,1
patch39_160,1
patch39_170,1
patch39_180,1
patch39_190,1
patch39_200,1
patch39_210,1
patch39_220,1
patch39_230,1
patch39_240,1
patch39_250,1
patch39_260,1
patch39_270,1
patch39_280,1
patch39_290,1
patch39_300,1
patch39_310,1
patch39_320,1
patch39_330,1
patch39_340,1
patch39_350,1
patch39_360,1
patch40,1
patch40_10,1
patch40_20,1
patch40_30,1
patch40_40,1
patch40_50,1
patch40_60,1
patch40_70,1
patch40_80,1
patch40_90,1
patch40_100,1
patch40_110,1
patch40_120,1
patch40_130,1
patch40_140,1
patch40_150,1
patch40_160,1
patch40_170,1
patch40_180,1
patch40_190,1
patch40_200,1
patch40_210,1
patch40_220,1
patch40_230,1
patch40_240,1
patch40_250,1
patch40_260,1
patch40_270,1
patch40_280,1
patch40_290,1
patch40_300,1
patch40_310,1
patch40_320,1
patch40_330,1
patch40_340,1
patch40_350,1
patch40_360,1
patch41,1
patch41_10,1
patch41_20,1
patch41_30,1
patch41_40,1
patch41_50,1
patch41_60,1
patch41_70,1
patch41_80,1
patch41_90,1
patch41_100,1
patch41_110,1
patch41_120,1
patch41_130,1
patch41_140,1
patch41_150,1
patch41_160,1
patch41_170,1
patch41_180,1
patch41_190,1
patch41_200,1
patch41_210,1
patch41_220,1
patch41_230,1
patch41_240,1
patch41_250,1
patch41_260,1
patch41_270,1
patch41_280,1
patch41_290,1
patch41_300,1
patch41_310,1
patch41_320,1
patch41_330,1
patch41_340,1
patch41_350,1
patch41_360,1
patch42,1
patch42_10,1
patch42_20,1
patch42_30,1
patch42_40,1
patch42_50,1
patch42_60,1
patch42_70,1
patch42_80,1
patch42_90,1
patch42_100,1
patch42_110,1
patch42_120,1
patch42_130,1
patch42_140,1
patch42_150,1
patch42_160,1
patch42_170,1
patch42_180,1
patch42_190,1
patch42_200,1
patch42_210,1
patch42_220,1
patch42_230,1
patch42_240,1
patch42_250,1
patch42_260,1
patch42_270,1
patch42_280,1
patch42_290,1
patch42_300,1
patch42_310,1
patch42_320,1
patch42_330,1
patch42_340,1
patch42_350,1
patch42_360,1
patch43,1
patch43_10,1
patch43_20,1
patch43_30,1
patch43_40,1
patch43_50,1
patch43_60,1
patch43_70,1
patch43_80,1
patch43_90,1
patch43_100,1
patch43_110,1
patch43_120,1
patch43_130,1
patch43_140,1
patch43_150,1
patch43_160,1
patch43_170,1
patch43_180,1
patch43_190,1
patch43_200,1
patch43_210,1
patch43_220,1
patch43_230,1
patch43_240,1
patch43_250,1
patch43_260,1
patch43_270,1
patch43_280,1
patch43_290,1
patch43_300,1
patch43_310,1
patch43_320,1
patch43_330,1
patch43_340,1
patch43_350,1
patch43_360,1
patch44,1
patch44_10,1
patch44_20,1
patch44_30,1
patch44_40,1
patch44_50,1
patch44_60,1
patch44_70,1
patch44_80,1
patch44_90,1
patch44_100,1
patch44_110,1
patch44_120,1
patch44_130,1
patch44_140,1
patch44_150,1
patch44_160,1
patch44_170,1
patch44_180,1
patch44_190,1
patch44_200,1
patch44_210,1
patch44_220,1
patch44_230,1
patch44_240,1
patch44_250,1
patch44_260,1
patch44_270,1
patch44_280,1
patch44_290,1
patch44_300,1
patch44_310,1
patch44_320,1
patch44_330,1
patch44_340,1
patch44_350,1
patch44_360,1
patch45,1
patch45_10,1
patch45_20,1
patch45_30,1
patch45_40,1
patch45_50,1
patch45_60,1
patch45_70,1
patch45_80,1
patch45_90,1
patch45_100,1
patch45_110,1
patch45_120,1
patch45_130,1
patch45_140,1
patch45_150,1
patch45_160,1
patch45_170,1
patch45_180,1
patch45_190,1
patch45_200,1
patch45_210,1
patch45_220,1
patch45_230,1
patch45_240,1
patch45_250,1
patch45_260,1
patch45_270,1
patch45_280,1
patch45_290,1
patch45_300,1
patch45_310,1
patch45_320,1
patch45_330,1
patch45_340,1
patch45_350,1
patch45_360,1
patch46,1
patch46_10,1
patch46_20,1
patch46_30,1
patch46_40,1
patch46_50,1
patch46_60,1
patch46_70,1
patch46_80,1
patch46_90,1
patch46_100,1
patch46_110,1
patch46_120,1
patch46_130,1
patch46_140,1
patch46_150,1
patch46_160,1
patch46_170,1
patch46_180,1
patch46_190,1
patch46_200,1
patch46_210,1
patch46_220,1
patch46_230,1
patch46_240,1
patch46_250,1
patch46_260,1
patch46_270,1
patch46_280,1
patch46_290,1
patch46_300,1
patch46_310,1
patch46_320,1
patch46_330,1
patch46_340,1
patch46_350,1
patch46_360,1
patch47,1
patch47_10,1
patch47_20,1
patch47_30,1
patch47_40,1
patch47_50,1
patch47_60,1
patch47_70,1
patch47_80,1
patch47_90,1
patch47_100,1
patch47_110,1
patch47_120,1
patch47_130,1
patch47_140,1
patch47_150,1
patch47_160,1
patch47_170,1
patch47_180,1
patch47_190,1
patch47_200,1
patch47_210,1
patch47_220,1
patch47_230,1
patch47_240,1
patch47_250,1
patch47_260,1
patch47_270,1
patch47_280,1
patch47_290,1
patch47_300,1
patch47_310,1
patch47_320,1
patch47_330,1
patch47_340,1
patch47_350,1
patch47_360,1
patch48,1
patch48_10,1
patch48_20,1
patch48_30,1
patch48_40,1
patch48_50,1
patch48_60,1
patch48_70,1
patch48_80,1
patch48_90,1
patch48_100,1
patch48_110,1
patch48_120,1
patch48_130,1
patch48_140,1
patch48_150,1
patch48_160,1
patch48_170,1
patch48_180,1
patch48_190,1
patch48_200,1
patch48_210,1
patch48_220,1
patch48_230,1
patch48_240,1
patch48_250,1
patch48_260,1
patch48_270,1
patch48_280,1
patch48_290,1
patch48_300,1
patch48_310,1
patch48_320,1
patch48_330,1
patch48_340,1
patch48_350,1
patch48_360,1
patch49,1
patch49_10,1
patch49_20,1
patch49_30,1
patch49_40,1
patch49_50,1
patch49_60,1
patch49_70,1
patch49_80,1
patch49_90,1
patch49_100,1
patch49_110,1
patch49_120,1
patch49_130,1
patch49_140,1
patch49_150,1
patch49_160,1
patch49_170,1
patch49_180,1
patch49_190,1
patch49_200,1
patch49_210,1
patch49_220,1
patch49_230,1
patch49_240,1
patch49_250,1
patch49_260,1
patch49_270,1
patch49_280,1
patch49_290,1
patch49_300,1
patch49_310,1
patch49_320,1
patch49_330,1
patch49_340,1
patch49_350,1
patch49_360,1
patch50,1
patch50_10,1
patch50_20,1
patch50_30,1
patch50_40,1
patch50_50,1
patch50_60,1
patch50_70,1
patch50_80,1
patch50_90,1
patch50_100,1
patch50_110,1
patch50_120,1
patch50_130,1
patch50_140,1
patch50_150,1
patch50_160,1
patch50_170,1
patch50_180,1
patch50_190,1
patch50_200,1
patch50_210,1
patch50_220,1
patch50_230,1
patch50_240,1
patch50_250,1
patch50_260,1
patch50_270,1
patch50_280,1
patch50_290,1
patch50_300,1
patch50_310,1
patch50_320,1
patch50_330,1
patch50_340,1
patch50_350,1
patch50_360,1
patch51,1
patch51_10,1
patch51_20,1
patch51_30,1
patch51_40,1
patch51_50,1
patch51_60,1
patch51_70,1
patch51_80,1
patch51_90,1
patch51_100,1
patch51_110,1
patch51_120,1
patch51_130,1
patch51_140,1
patch51_150,1
patch51_160,1
patch51_170,1
patch51_180,1
patch51_190,1
patch51_200,1
patch51_210,1
patch51_220,1
patch51_230,1
patch51_240,1
patch51_250,1
patch51_260,1
patch51_270,1
patch51_280,1
patch51_290,1
patch51_300,1
patch51_310,1
patch51_320,1
patch51_330,1
patch51_340,1
patch51_350,1
patch51_360,1
patch52,1
patch52_10,1
patch52_20,1
patch52_30,1
patch52_40,1
patch52_50,1
patch52_60,1
patch52_70,1
patch52_80,1
patch52_90,1
patch52_100,1
patch52_110,1
patch52_120,1
patch52_130,1
patch52_140,1
patch52_150,1
patch52_160,1
patch52_170,1
patch52_180,1
patch52_190,1
patch52_200,1
patch52_210,1
patch52_220,1
patch52_230,1
patch52_240,1
patch52_250,1
patch52_260,1
patch52_270,1
patch52_280,1
patch52_290,1
patch52_300,1
patch52_310,1
patch52_320,1
patch52_330,1
patch52_340,1
patch52_350,1
patch52_360,1
patch53,1
patch53_10,1
patch53_20,1
patch53_30,1
patch53_40,1
patch53_50,1
patch53_60,1
patch53_70,1
patch53_80,1
patch53_90,1
patch53_100,1
patch53_110,1
patch53_120,1
patch53_130,1
patch53_140,1
patch53_150,1
patch53_160,1
patch53_170,1
patch53_180,1
patch53_190,1
patch53_200,1
patch53_210,1
patch53_220,1
patch53_230,1
patch53_240,1
patch53_250,1
patch53_260,1
patch53_270,1
patch53_280,1
patch53_290,1
patch53_300,1
patch53_310,1
patch53_320,1
patch53_330,1
patch53_340,1
patch53_350,1
patch53_360,1
patch54,1
patch54_10,1
patch54_20,1
patch54_30,1
patch54_40,1
patch54_50,1
patch54_60,1
patch54_70,1
patch54_80,1
patch54_90,1
patch54_100,1
patch54_110,1
patch54_120,1
patch54_130,1
patch54_140,1
patch54_150,1
patch54_160,1
patch54_170,1
patch54_180,1
patch54_190,1
patch54_200,1
patch54_210,1
patch54_220,1
patch54_230,1
patch54_240,1
patch54_250,1
patch54_260,1
patch54_270,1
patch54_280,1
patch54_290,1
patch54_300,1
patch54_310,1
patch54_320,1
patch54_330,1
patch54_340,1
patch54_350,1
patch54_360,1
patch55,1
patch55_10,1
patch55_20,1
patch55_30,1
patch55_40,1
patch55_50,1
patch55_60,1
patch55_70,1
patch55_80,1
patch55_90,1
patch55_100,1
patch55_110,1
patch55_120,1
patch55_130,1
patch55_140,1
patch55_150,1
patch55_160,1
patch55_170,1
patch55_180,1
patch55_190,1
patch55_200,1
patch55_210,1
patch55_220,1
patch55_230,1
patch55_240,1
patch55_250,1
patch55_260,1
patch55_270,1
patch55_280,1
patch55_290,1
patch55_300,1
patch55_310,1
patch55_320,1
patch55_330,1
patch55_340,1
patch55_350,1
patch55_360,1
patch56,1
patch56_10,1
patch56_20,1
patch56_30,1
patch56_40,1
patch56_50,1
patch56_60,1
patch56_70,1
patch56_80,1
patch56_90,1
patch56_100,1
patch56_110,1
patch56_120,1
patch56_130,1
patch56_140,1
patch56_150,1
patch56_160,1
patch56_170,1
patch56_180,1
patch56_190,1
patch56_200,1
patch56_210,1
patch56_220,1
patch56_230,1
patch56_240,1
patch56_250,1
patch56_260,1
patch56_270,1
patch56_280,1
patch56_290,1
patch56_300,1
patch56_310,1
patch56_320,1
patch56_330,1
patch56_340,1
patch56_350,1
patch56_360,1
patch57,1
patch57_10,1
patch57_20,1
patch57_30,1
patch57_40,1
patch57_50,1
patch57_60,1
patch57_70,1
patch57_80,1
patch57_90,1
patch57_100,1
patch57_110,1
patch57_120,1
patch57_130,1
patch57_140,1
patch57_150,1
patch57_160,1
patch57_170,1
patch57_180,1
patch57_190,1
patch57_200,1
patch57_210,1
patch57_220,1
patch57_230,1
patch57_240,1
patch57_250,1
patch57_260,1
patch57_270,1
patch57_280,1
patch57_290,1
patch57_300,1
patch57_310,1
patch57_320,1
patch57_330,1
patch57_340,1
patch57_350,1
patch57_360,1
patch58,1
patch58_10,1
patch58_20,1
patch58_30,1
patch58_40,1
patch58_50,1
patch58_60,1
patch58_70,1
patch58_80,1
patch58_90,1
patch58_100,1
patch58_110,1
patch58_120,1
patch58_130,1
patch58_140,1
patch58_150,1
patch58_160,1
patch58_170,1
patch58_180,1
patch58_190,1
patch58_200,1
patch58_210,1
patch58_220,1
patch58_230,1
patch58_240,1
patch58_250,1
patch58_260,1
patch58_270,1
patch58_280,1
patch58_290,1
patch58_300,1
patch58_310,1
patch58_320,1
patch58_330,1
patch58_340,1
patch58_350,1
patch58_360,1
patch59,1
patch59_10,1
patch59_20,1
patch59_30,1
patch59_40,1
patch59_50,1
patch59_60,1
patch59_70,1
patch59_80,1
patch59_90,1
patch59_100,1
patch59_110,1
patch59_120,1
patch59_130,1
patch59_140,1
patch59_150,1
patch59_160,1
patch59_170,1
patch59_180,1
patch59_190,1
patch59_200,1
patch59_210,1
patch59_220,1
patch59_230,1
patch59_240,1
patch59_250,1
patch59_260,1
patch59_270,1
patch59_280,1
patch59_290,1
patch59_300,1
patch59_310,1
patch59_320,1
patch59_330,1
patch59_340,1
patch59_350,1
patch59_360,1
patch60,2
patch60_10,2
patch60_20,2
patch60_30,2
patch60_40,2
patch60_50,2
patch60_60,2
patch60_70,2
patch60_80,2
patch60_90,2
patch60_100,2
patch60_110,2
patch60_120,2
patch60_130,2
patch60_140,2
patch60_150,2
patch60_160,2
patch60_170,2
patch60_180,2
patch60_190,2
patch60_200,2
patch60_210,2
patch60_220,2
patch60_230,2
patch60_240,2
patch60_250,2
patch60_260,2
patch60_270,2
patch60_280,2
patch60_290,2
patch60_300,2
patch60_310,2
patch60_320,2
patch60_330,2
patch60_340,2
patch60_350,2
patch60_360,2
patch61,2
patch61_10,2
patch61_20,2
patch61_30,2
patch61_40,2
patch61_50,2
patch61_60,2
patch61_70,2
patch61_80,2
patch61_90,2
patch61_100,2
patch61_110,2
patch61_120,2
patch61_130,2
patch61_140,2
patch61_150,2
patch61_160,2
patch61_170,2
patch61_180,2
patch61_190,2
patch61_200,2
patch61_210,2
patch61_220,2
patch61_230,2
patch61_240,2
patch61_250,2
patch61_260,2
patch61_270,2
patch61_280,2
patch61_290,2
patch61_300,2
patch61_310,2
patch61_320,2
patch61_330,2
patch61_340,2
patch61_350,2
patch61_360,2
patch62,2
patch62_10,2
patch62_20,2
patch62_30,2
patch62_40,2
patch62_50,2
patch62_60,2
patch62_70,2
patch62_80,2
patch62_90,2
patch62_100,2
patch62_110,2
patch62_120,2
patch62_130,2
patch62_140,2
patch62_150,2
patch62_160,2
patch62_170,2
patch62_180,2
patch62_190,2
patch62_200,2
patch62_210,2
patch62_220,2
patch62_230,2
patch62_240,2
patch62_250,2
patch62_260,2
patch62_270,2
patch62_280,2
patch62_290,2
patch62_300,2
patch62_310,2
patch62_320,2
patch62_330,2
patch62_340,2
patch62_350,2
patch62_360,2
patch63,2
patch63_10,2
patch63_20,2
patch63_30,2
patch63_40,2
patch63_50,2
patch63_60,2
patch63_70,2
patch63_80,2
patch63_90,2
patch63_100,2
patch63_110,2
patch63_120,2
patch63_130,2
patch63_140,2
patch63_150,2
patch63_160,2
patch63_170,2
patch63_180,2
patch63_190,2
patch63_200,2
patch63_210,2
patch63_220,2
patch63_230,2
patch63_240,2
patch63_250,2
patch63_260,2
patch63_270,2
patch63_280,2
patch63_290,2
patch63_300,2
patch63_310,2
patch63_320,2
patch63_330,2
patch63_340,2
patch63_350,2
patch63_360,2
patch64,2
patch64_10,2
patch64_20,2
patch64_30,2
patch64_40,2
patch64_50,2
patch64_60,2
patch64_70,2
patch64_80,2
patch64_90,2
patch64_100,2
patch64_110,2
patch64_120,2
patch64_130,2
patch64_140,2
patch64_150,2
patch64_160,2
patch64_170,2
patch64_180,2
patch64_190,2
patch64_200,2
patch64_210,2
patch64_220,2
patch64_230,2
patch64_240,2
patch64_250,2
patch64_260,2
patch64_270,2
patch64_280,2
patch64_290,2
patch64_300,2
patch64_310,2
patch64_320,2
patch64_330,2
patch64_340,2
patch64_350,2
patch64_360,2
patch65,2
patch65_10,2
patch65_20,2
patch65_30,2
patch65_40,2
patch65_50,2
patch65_60,2
patch65_70,2
patch65_80,2
patch65_90,2
patch65_100,2
patch65_110,2
patch65_120,2
patch65_130,2
patch65_140,2
patch65_150,2
patch65_160,2
patch65_170,2
patch65_180,2
patch65_190,2
patch65_200,2
patch65_210,2
patch65_220,2
patch65_230,2
patch65_240,2
patch65_250,2
patch65_260,2
patch65_270,2
patch65_280,2
patch65_290,2
patch65_300,2
patch65_310,2
patch65_320,2
patch65_330,2
patch65_340,2
patch65_350,2
patch65_360,2
patch66,2
patch66_10,2
patch66_20,2
patch66_30,2
patch66_40,2
patch66_50,2
patch66_60,2
patch66_70,2
patch66_80,2
patch66_90,2
patch66_100,2
patch66_110,2
patch66_120,2
patch66_130,2
patch66_140,2
patch66_150,2
patch66_160,2
patch66_170,2
patch66_180,2
patch66_190,2
patch66_200,2
patch66_210,2
patch66_220,2
patch66_230,2
patch66_240,2
patch66_250,2
patch66_260,2
patch66_270,2
patch66_280,2
patch66_290,2
patch66_300,2
patch66_310,2
patch66_320,2
patch66_330,2
patch66_340,2
patch66_350,2
patch66_360,2
patch67,2
patch67_10,2
patch67_20,2
patch67_30,2
patch67_40,2
patch67_50,2
patch67_60,2
patch67_70,2
patch67_80,2
patch67_90,2
patch67_100,2
patch67_110,2
patch67_120,2
patch67_130,2
patch67_140,2
patch67_150,2
patch67_160,2
patch67_170,2
patch67_180,2
patch67_190,2
patch67_200,2
patch67_210,2
patch67_220,2
patch67_230,2
patch67_240,2
patch67_250,2
patch67_260,2
patch67_270,2
patch67_280,2
patch67_290,2
patch67_300,2
patch67_310,2
patch67_320,2
patch67_330,2
patch67_340,2
patch67_350,2
patch67_360,2
patch68,2
patch68_10,2
patch68_20,2
patch68_30,2
patch68_40,2
patch68_50,2
patch68_60,2
patch68_70,2
patch68_80,2
patch68_90,2
patch68_100,2
patch68_110,2
patch68_120,2
patch68_130,2
patch68_140,2
patch68_150,2
patch68_160,2
patch68_170,2
patch68_180,2
patch68_190,2
patch68_200,2
patch68_210,2
patch68_220,2
patch68_230,2
patch68_240,2
patch68_250,2
patch68_260,2
patch68_270,2
patch68_280,2
patch68_290,2
patch68_300,2
patch68_310,2
patch68_320,2
patch68_330,2
patch68_340,2
patch68_350,2
patch68_360,2
patch69,2
patch69_10,2
patch69_20,2
patch69_30,2
patch69_40,2
patch69_50,2
patch69_60,2
patch69_70,2
patch69_80,2
patch69_90,2
patch69_100,2
patch69_110,2
patch69_120,2
patch69_130,2
patch69_140,2
patch69_150,2
patch69_160,2
patch69_170,2
patch69_180,2
patch69_190,2
patch69_200,2
patch69_210,2
patch69_220,2
patch69_230,2
patch69_240,2
patch69_250,2
patch69_260,2
patch69_270,2
patch69_280,2
patch69_290,2
patch69_300,2
patch69_310,2
patch69_320,2
patch69_330,2
patch69_340,2
patch69_350,2
patch69_360,2
patch70,2
patch70_10,2
patch70_20,2
patch70_30,2
patch70_40,2
patch70_50,2
patch70_60,2
patch70_70,2
patch70_80,2
patch70_90,2
patch70_100,2
patch70_110,2
patch70_120,2
patch70_130,2
patch70_140,2
patch70_150,2
patch70_160,2
patch70_170,2
patch70_180,2
patch70_190,2
patch70_200,2
patch70_210,2
patch70_220,2
patch70_230,2
patch70_240,2
patch70_250,2
patch70_260,2
patch70_270,2
patch70_280,2
patch70_290,2
patch70_300,2
patch70_310,2
patch70_320,2
patch70_330,2
patch70_340,2
patch70_350,2
patch70_360,2
patch71,2
patch71_10,2
patch71_20,2
patch71_30,2
patch71_40,2
patch71_50,2
patch71_60,2
patch71_70,2
patch71_80,2
patch71_90,2
patch71_100,2
patch71_110,2
patch71_120,2
patch71_130,2
patch71_140,2
patch71_150,2
patch71_160,2
patch71_170,2
patch71_180,2
patch71_190,2
patch71_200,2
patch71_210,2
patch71_220,2
patch71_230,2
patch71_240,2
patch71_250,2
patch71_260,2
patch71_270,2
patch71_280,2
patch71_290,2
patch71_300,2
patch71_310,2
patch71_320,2
patch71_330,2
patch71_340,2
patch71_350,2
patch71_360,2
patch72,2
patch72_10,2
patch72_20,2
patch72_30,2
patch72_40,2
patch72_50,2
patch72_60,2
patch72_70,2
patch72_80,2
patch72_90,2
patch72_100,2
patch72_110,2
patch72_120,2
patch72_130,2
patch72_140,2
patch72_150,2
patch72_160,2
patch72_170,2
patch72_180,2
patch72_190,2
patch72_200,2
patch72_210,2
patch72_220,2
patch72_230,2
patch72_240,2
patch72_250,2
patch72_260,2
patch72_270,2
patch72_280,2
patch72_290,2
patch72_300,2
patch72_310,2
patch72_320,2
patch72_330,2
patch72_340,2
patch72_350,2
patch72_360,2
patch73,2
patch73_10,2
patch73_20,2
patch73_30,2
patch73_40,2
patch73_50,2
patch73_60,2
patch73_70,2
patch73_80,2
patch73_90,2
patch73_100,2
patch73_110,2
patch73_120,2
patch73_130,2
patch73_140,2
patch73_150,2
patch73_160,2
patch73_170,2
patch73_180,2
patch73_190,2
patch73_200,2
patch73_210,2
patch73_220,2
patch73_230,2
patch73_240,2
patch73_250,2
patch73_260,2
patch73_270,2
patch73_280,2
patch73_290,2
patch73_300,2
patch73_310,2
patch73_320,2
patch73_330,2
patch73_340,2
patch73_350,2
patch73_360,2
patch74,2
patch74_10,2
patch74_20,2
patch74_30,2
patch74_40,2
patch74_50,2
patch74_60,2
patch74_70,2
patch74_80,2
patch74_90,2
patch74_100,2
patch74_110,2
patch74_120,2
patch74_130,2
patch74_140,2
patch74_150,2
patch74_160,2
patch74_170,2
patch74_180,2
patch74_190,2
patch74_200,2
patch74_210,2
patch74_220,2
patch74_230,2
patch74_240,2
patch74_250,2
patch74_260,2
patch74_270,2
patch74_280,2
patch74_290,2
patch74_300,2
patch74_310,2
patch74_320,2
patch74_330,2
patch74_340,2
patch74_350,2
patch74_360,2
patch75,2
patch75_10,2
patch75_20,2
patch75_30,2
patch75_40,2
patch75_50,2
patch75_60,2
patch75_70,2
patch75_80,2
patch75_90,2
patch75_100,2
patch75_110,2
patch75_120,2
patch75_130,2
patch75_140,2
patch75_150,2
patch75_160,2
patch75_170,2
patch75_180,2
patch75_190,2
patch75_200,2
patch75_210,2
patch75_220,2
patch75_230,2
patch75_240,2
patch75_250,2
patch75_260,2
patch75_270,2
patch75_280,2
patch75_290,2
patch75_300,2
patch75_310,2
patch75_320,2
patch75_330,2
patch75_340,2
patch75_350,2
patch75_360,2
patch76,2
patch76_10,2
patch76_20,2
patch76_30,2
patch76_40,2
patch76_50,2
patch76_60,2
patch76_70,2
patch76_80,2
patch76_90,2
patch76_100,2
patch76_110,2
patch76_120,2
patch76_130,2
patch76_140,2
patch76_150,2
patch76_160,2
patch76_170,2
patch76_180,2
patch76_190,2
patch76_200,2
patch76_210,2
patch76_220,2
patch76_230,2
patch76_240,2
patch76_250,2
patch76_260,2
patch76_270,2
patch76_280,2
patch76_290,2
patch76_300,2
patch76_310,2
patch76_320,2
patch76_330,2
patch76_340,2
patch76_350,2
patch76_360,2
patch77,2
patch77_10,2
patch77_20,2
patch77_30,2
patch77_40,2
patch77_50,2
patch77_60,2
patch77_70,2
patch77_80,2
patch77_90,2
patch77_100,2
patch77_110,2
patch77_120,2
patch77_130,2
patch77_140,2
patch77_150,2
patch77_160,2
patch77_170,2
patch77_180,2
patch77_190,2
patch77_200,2
patch77_210,2
patch77_220,2
patch77_230,2
patch77_240,2
patch77_250,2
patch77_260,2
patch77_270,2
patch77_280,2
patch77_290,2
patch77_300,2
patch77_310,2
patch77_320,2
patch77_330,2
patch77_340,2
patch77_350,2
patch77_360,2
patch78,2
patch78_10,2
patch78_20,2
patch78_30,2
patch78_40,2
patch78_50,2
patch78_60,2
patch78_70,2
patch78_80,2
patch78_90,2
patch78_100,2
patch78_110,2
patch78_120,2
patch78_130,2
patch78_140,2
patch78_150,2
patch78_160,2
patch78_170,2
patch78_180,2
patch78_190,2
patch78_200,2
patch78_210,2
patch78_220,2
patch78_230,2
patch78_240,2
patch78_250,2
patch78_260,2
patch78_270,2
patch78_280,2
patch78_290,2
patch78_300,2
patch78_310,2
patch78_320,2
patch78_330,2
patch78_340,2
patch78_350,2
patch78_360,2
patch79,2
patch79_10,2
patch79_20,2
patch79_30,2
patch79_40,2
patch79_50,2
patch79_60,2
patch79_70,2
patch79_80,2
patch79_90,2
patch79_100,2
patch79_110,2
patch79_120,2
patch79_130,2
patch79_140,2
patch79_150,2
patch79_160,2
patch79_170,2
patch79_180,2
patch79_190,2
patch79_200,2
patch79_210,2
patch79_220,2
patch79_230,2
patch79_240,2
patch79_250,2
patch79_260,2
patch79_270,2
patch79_280,2
patch79_290,2
patch79_300,2
patch79_310,2
patch79_320,2
patch79_330,2
patch79_340,2
patch79_350,2
patch79_360,2
patch80,2
patch80_10,2
patch80_20,2
patch80_30,2
patch80_40,2
patch80_50,2
patch80_60,2
patch80_70,2
patch80_80,2
patch80_90,2
patch80_100,2
patch80_110,2
patch80_120,2
patch80_130,2
patch80_140,2
patch80_150,2
patch80_160,2
patch80_170,2
patch80_180,2
patch80_190,2
patch80_200,2
patch80_210,2
patch80_220,2
patch80_230,2
patch80_240,2
patch80_250,2
patch80_260,2
patch80_270,2
patch80_280,2
patch80_290,2
patch80_300,2
patch80_310,2
patch80_320,2
patch80_330,2
patch80_340,2
patch80_350,2
patch80_360,2
patch81,2
patch81_10,2
patch81_20,2
patch81_30,2
patch81_40,2
patch81_50,2
patch81_60,2
patch81_70,2
patch81_80,2
patch81_90,2
patch81_100,2
patch81_110,2
patch81_120,2
patch81_130,2
patch81_140,2
patch81_150,2
patch81_160,2
patch81_170,2
patch81_180,2
patch81_190,2
patch81_200,2
patch81_210,2
patch81_220,2
patch81_230,2
patch81_240,2
patch81_250,2
patch81_260,2
patch81_270,2
patch81_280,2
patch81_290,2
patch81_300,2
patch81_310,2
patch81_320,2
patch81_330,2
patch81_340,2
patch81_350,2
patch81_360,2
patch82,2
patch82_10,2
patch82_20,2
patch82_30,2
patch82_40,2
patch82_50,2
patch82_60,2
patch82_70,2
patch82_80,2
patch82_90,2
patch82_100,2
patch82_110,2
patch82_120,2
patch82_130,2
patch82_140,2
patch82_150,2
patch82_160,2
patch82_170,2
patch82_180,2
patch82_190,2
patch82_200,2
patch82_210,2
patch82_220,2
patch82_230,2
patch82_240,2
patch82_250,2
patch82_260,2
patch82_270,2
patch82_280,2
patch82_290,2
patch82_300,2
patch82_310,2
patch82_320,2
patch82_330,2
patch82_340,2
patch82_350,2
patch82_360,2
patch83,2
patch83_10,2
patch83_20,2
patch83_30,2
patch83_40,2
patch83_50,2
patch83_60,2
patch83_70,2
patch83_80,2
patch83_90,2
patch83_100,2
patch83_110,2
patch83_120,2
patch83_130,2
patch83_140,2
patch83_150,2
patch83_160,2
patch83_170,2
patch83_180,2
patch83_190,2
patch83_200,2
patch83_210,2
patch83_220,2
patch83_230,2
patch83_240,2
patch83_250,2
patch83_260,2
patch83_270,2
patch83_280,2
patch83_290,2
patch83_300,2
patch83_310,2
patch83_320,2
patch83_330,2
patch83_340,2
patch83_350,2
patch83_360,2
patch84,2
patch84_10,2
patch84_20,2
patch84_30,2
patch84_40,2
patch84_50,2
patch84_60,2
patch84_70,2
patch84_80,2
patch84_90,2
patch84_100,2
patch84_110,2
patch84_120,2
patch84_130,2
patch84_140,2
patch84_150,2
patch84_160,2
patch84_170,2
patch84_180,2
patch84_190,2
patch84_200,2
patch84_210,2
patch84_220,2
patch84_230,2
patch84_240,2
patch84_250,2
patch84_260,2
patch84_270,2
patch84_280,2
patch84_290,2
patch84_300,2
patch84_310,2
patch84_320,2
patch84_330,2
patch84_340,2
patch84_350,2
patch84_360,2
patch85,2
patch85_10,2
patch85_20,2
patch85_30,2
patch85_40,2
patch85_50,2
patch85_60,2
patch85_70,2
patch85_80,2
patch85_90,2
patch85_100,2
patch85_110,2
patch85_120,2
patch85_130,2
patch85_140,2
patch85_150,2
patch85_160,2
patch85_170,2
patch85_180,2
patch85_190,2
patch85_200,2
patch85_210,2
patch85_220,2
patch85_230,2
patch85_240,2
patch85_250,2
patch85_260,2
patch85_270,2
patch85_280,2
patch85_290,2
patch85_300,2
patch85_310,2
patch85_320,2
patch85_330,2
patch85_340,2
patch85_350,2
patch85_360,2
patch86,2
patch86_10,2
patch86_20,2
patch86_30,2
patch86_40,2
patch86_50,2
patch86_60,2
patch86_70,2
patch86_80,2
patch86_90,2
patch86_100,2
patch86_110,2
patch86_120,2
patch86_130,2
patch86_140,2
patch86_150,2
patch86_160,2
patch86_170,2
patch86_180,2
patch86_190,2
patch86_200,2
patch86_210,2
patch86_220,2
patch86_230,2
patch86_240,2
patch86_250,2
patch86_260,2
patch86_270,2
patch86_280,2
patch86_290,2
patch86_300,2
patch86_310,2
patch86_320,2
patch86_330,2
patch86_340,2
patch86_350,2
patch86_360,2
patch87,2
patch87_10,2
patch87_20,2
patch87_30,2
patch87_40,2
patch87_50,2
patch87_60,2
patch87_70,2
patch87_80,2
patch87_90,2
patch87_100,2
patch87_110,2
patch87_120,2
patch87_130,2
patch87_140,2
patch87_150,2
patch87_160,2
patch87_170,2
patch87_180,2
patch87_190,2
patch87_200,2
patch87_210,2
patch87_220,2
patch87_230,2
patch87_240,2
patch87_250,2
patch87_260,2
patch87_270,2
patch87_280,2
patch87_290,2
patch87_300,2
patch87_310,2
patch87_320,2
patch87_330,2
patch87_340,2
patch87_350,2
patch87_360,2
patch88,2
patch88_10,2
patch88_20,2
patch88_30,2
patch88_40,2
patch88_50,2
patch88_60,2
patch88_70,2
patch88_80,2
patch88_90,2
patch88_100,2
patch88_110,2
patch88_120,2
patch88_130,2
patch88_140,2
patch88_150,2
patch88_160,2
patch88_170,2
patch88_180,2
patch88_190,2
patch88_200,2
patch88_210,2
patch88_220,2
patch88_230,2
patch88_240,2
patch88_250,2
patch88_260,2
patch88_270,2
patch88_280,2
patch88_290,2
patch88_300,2
patch88_310,2
patch88_320,2
patch88_330,2
patch88_340,2
patch88_350,2
patch88_360,2
patch89,2
patch89_10,2
patch89_20,2
patch89_30,2
patch89_40,2
patch89_50,2
patch89_60,2
patch89_70,2
patch89_80,2
patch89_90,2
patch89_100,2
patch89_110,2
patch89_120,2
patch89_130,2
patch89_140,2
patch89_150,2
patch89_160,2
patch89_170,2
patch89_180,2
patch89_190,2
patch89_200,2
patch89_210,2
patch89_220,2
patch89_230,2
patch89_240,2
patch89_250,2
patch89_260,2
patch89_270,2
patch89_280,2
patch89_290,2
patch89_300,2
patch89_310,2
patch89_320,2
patch89_330,2
patch89_340,2
patch89_350,2
patch89_360,2
patch90,2
patch90_10,2
patch90_20,2
patch90_30,2
patch90_40,2
patch90_50,2
patch90_60,2
patch90_70,2
patch90_80,2
patch90_90,2
patch90_100,2
patch90_110,2
patch90_120,2
patch90_130,2
patch90_140,2
patch90_150,2
patch90_160,2
patch90_170,2
patch90_180,2
patch90_190,2
patch90_200,2
patch90_210,2
patch90_220,2
patch90_230,2
patch90_240,2
patch90_250,2
patch90_260,2
patch90_270,2
patch90_280,2
patch90_290,2
patch90_300,2
patch90_310,2
patch90_320,2
patch90_330,2
patch90_340,2
patch90_350,2
patch90_360,2
patch91,2
patch91_10,2
patch91_20,2
patch91_30,2
patch91_40,2
patch91_50,2
patch91_60,2
patch91_70,2
patch91_80,2
patch91_90,2
patch91_100,2
patch91_110,2
patch91_120,2
patch91_130,2
patch91_140,2
patch91_150,2
patch91_160,2
patch91_170,2
patch91_180,2
patch91_190,2
patch91_200,2
patch91_210,2
patch91_220,2
patch91_230,2
patch91_240,2
patch91_250,2
patch91_260,2
patch91_270,2
patch91_280,2
patch91_290,2
patch91_300,2
patch91_310,2
patch91_320,2
patch91_330,2
patch91_340,2
patch91_350,2
patch91_360,2
patch92,2
patch92_10,2
patch92_20,2
patch92_30,2
patch92_40,2
patch92_50,2
patch92_60,2
patch92_70,2
patch92_80,2
patch92_90,2
patch92_100,2
patch92_110,2
patch92_120,2
patch92_130,2
patch92_140,2
patch92_150,2
patch92_160,2
patch92_170,2
patch92_180,2
patch92_190,2
patch92_200,2
patch92_210,2
patch92_220,2
patch92_230,2
patch92_240,2
patch92_250,2
patch92_260,2
patch92_270,2
patch92_280,2
patch92_290,2
patch92_300,2
patch92_310,2
patch92_320,2
patch92_330,2
patch92_340,2
patch92_350,2
patch92_360,2
patch93,2
patch93_10,2
patch93_20,2
patch93_30,2
patch93_40,2
patch93_50,2
patch93_60,2
patch93_70,2
patch93_80,2
patch93_90,2
patch93_100,2
patch93_110,2
patch93_120,2
patch93_130,2
patch93_140,2
patch93_150,2
patch93_160,2
patch93_170,2
patch93_180,2
patch93_190,2
patch93_200,2
patch93_210,2
patch93_220,2
patch93_230,2
patch93_240,2
patch93_250,2
patch93_260,2
patch93_270,2
patch93_280,2
patch93_290,2
patch93_300,2
patch93_310,2
patch93_320,2
patch93_330,2
patch93_340,2
patch93_350,2
patch93_360,2
patch94,2
patch94_10,2
patch94_20,2
patch94_30,2
patch94_40,2
patch94_50,2
patch94_60,2
patch94_70,2
patch94_80,2
patch94_90,2
patch94_100,2
patch94_110,2
patch94_120,2
patch94_130,2
patch94_140,2
patch94_150,2
patch94_160,2
patch94_170,2
patch94_180,2
patch94_190,2
patch94_200,2
patch94_210,2
patch94_220,2
patch94_230,2
patch94_240,2
patch94_250,2
patch94_260,2
patch94_270,2
patch94_280,2
patch94_290,2
patch94_300,2
patch94_310,2
patch94_320,2
patch94_330,2
patch94_340,2
patch94_350,2
patch94_360,2
patch95,2
patch95_10,2
patch95_20,2
patch95_30,2
patch95_40,2
patch95_50,2
patch95_60,2
patch95_70,2
patch95_80,2
patch95_90,2
patch95_100,2
patch95_110,2
patch95_120,2
patch95_130,2
patch95_140,2
patch95_150,2
patch95_160,2
patch95_170,2
patch95_180,2
patch95_190,2
patch95_200,2
patch95_210,2
patch95_220,2
patch95_230,2
patch95_240,2
patch95_250,2
patch95_260,2
patch95_270,2
patch95_280,2
patch95_290,2
patch95_300,2
patch95_310,2
patch95_320,2
patch95_330,2
patch95_340,2
patch95_350,2
patch95_360,2
patch96,2
patch96_10,2
patch96_20,2
patch96_30,2
patch96_40,2
patch96_50,2
patch96_60,2
patch96_70,2
patch96_80,2
patch96_90,2
patch96_100,2
patch96_110,2
patch96_120,2
patch96_130,2
patch96_140,2
patch96_150,2
patch96_160,2
patch96_170,2
patch96_180,2
patch96_190,2
patch96_200,2
patch96_210,2
patch96_220,2
patch96_230,2
patch96_240,2
patch96_250,2
patch96_260,2
patch96_270,2
patch96_280,2
patch96_290,2
patch96_300,2
patch96_310,2
patch96_320,2
patch96_330,2
patch96_340,2
patch96_350,2
patch96_360,2
patch97,2
patch97_10,2
patch97_20,2
patch97_30,2
patch97_40,2
patch97_50,2
patch97_60,2
patch97_70,2
patch97_80,2
patch97_90,2
patch97_100,2
patch97_110,2
patch97_120,2
patch97_130,2
patch97_140,2
patch97_150,2
patch97_160,2
patch97_170,2
patch97_180,2
patch97_190,2
patch97_200,2
patch97_210,2
patch97_220,2
patch97_230,2
patch97_240,2
patch97_250,2
patch97_260,2
patch97_270,2
patch97_280,2
patch97_290,2
patch97_300,2
patch97_310,2
patch97_320,2
patch97_330,2
patch97_340,2
patch97_350,2
patch97_360,2
patch98,2
patch98_10,2
patch98_20,2
patch98_30,2
patch98_40,2
patch98_50,2
patch98_60,2
patch98_70,2
patch98_80,2
patch98_90,2
patch98_100,2
patch98_110,2
patch98_120,2
patch98_130,2
patch98_140,2
patch98_150,2
patch98_160,2
patch98_170,2
patch98_180,2
patch98_190,2
patch98_200,2
patch98_210,2
patch98_220,2
patch98_230,2
patch98_240,2
patch98_250,2
patch98_260,2
patch98_270,2
patch98_280,2
patch98_290,2
patch98_300,2
patch98_310,2
patch98_320,2
patch98_330,2
patch98_340,2
patch98_350,2
patch98_360,2
patch99,2
patch99_10,2
patch99_20,2
patch99_30,2
patch99_40,2
patch99_50,2
patch99_60,2
patch99_70,2
patch99_80,2
patch99_90,2
patch99_100,2
patch99_110,2
patch99_120,2
patch99_130,2
patch99_140,2
patch99_150,2
patch99_160,2
patch99_170,2
patch99_180,2
patch99_190,2
patch99_200,2
patch99_210,2
patch99_220,2
patch99_230,2
patch99_240,2
patch99_250,2
patch99_260,2
patch99_270,2
patch99_280,2
patch99_290,2
patch99_300,2
patch99_310,2
patch99_320,2
patch99_330,2
patch99_340,2
patch99_350,2
patch99_360,2
patch100,2
patch100_10,2
patch100_20,2
patch100_30,2
patch100_40,2
patch100_50,2
patch100_60,2
patch100_70,2
patch100_80,2
patch100_90,2
patch100_100,2
patch100_110,2
patch100_120,2
patch100_130,2
patch100_140,2
patch100_150,2
patch100_160,2
patch100_170,2
patch100_180,2
patch100_190,2
patch100_200,2
patch100_210,2
patch100_220,2
patch100_230,2
patch100_240,2
patch100_250,2
patch100_260,2
patch100_270,2
patch100_280,2
patch100_290,2
patch100_300,2
patch100_310,2
patch100_320,2
patch100_330,2
patch100_340,2
patch100_350,2
patch100_360,2
patch101,2
patch101_10,2
patch101_20,2
patch101_30,2
patch101_40,2
patch101_50,2
patch101_60,2
patch101_70,2
patch101_80,2
patch101_90,2
patch101_100,2
patch101_110,2
patch101_120,2
patch101_130,2
patch101_140,2
patch101_150,2
patch101_160,2
patch101_170,2
patch101_180,2
patch101_190,2
patch101_200,2
patch101_210,2
patch101_220,2
patch101_230,2
patch101_240,2
patch101_250,2
patch101_260,2
patch101_270,2
patch101_280,2
patch101_290,2
patch101_300,2
patch101_310,2
patch101_320,2
patch101_330,2
patch101_340,2
patch101_350,2
patch101_360,2
patch102,2
patch102_10,2
patch102_20,2
patch102_30,2
patch102_40,2
patch102_50,2
patch102_60,2
patch102_70,2
patch102_80,2
patch102_90,2
patch102_100,2
patch102_110,2
patch102_120,2
patch102_130,2
patch102_140,2
patch102_150,2
patch102_160,2
patch102_170,2
patch102_180,2
patch102_190,2
patch102_200,2
patch102_210,2
patch102_220,2
patch102_230,2
patch102_240,2
patch102_250,2
patch102_260,2
patch102_270,2
patch102_280,2
patch102_290,2
patch102_300,2
patch102_310,2
patch102_320,2
patch102_330,2
patch102_340,2
patch102_350,2
patch102_360,2
patch103,2
patch103_10,2
patch103_20,2
patch103_30,2
patch103_40,2
patch103_50,2
patch103_60,2
patch103_70,2
patch103_80,2
patch103_90,2
patch103_100,2
patch103_110,2
patch103_120,2
patch103_130,2
patch103_140,2
patch103_150,2
patch103_160,2
patch103_170,2
patch103_180,2
patch103_190,2
patch103_200,2
patch103_210,2
patch103_220,2
patch103_230,2
patch103_240,2
patch103_250,2
patch103_260,2
patch103_270,2
patch103_280,2
patch103_290,2
patch103_300,2
patch103_310,2
patch103_320,2
patch103_330,2
patch103_340,2
patch103_350,2
patch103_360,2
patch104,2
patch104_10,2
patch104_20,2
patch104_30,2
patch104_40,2
patch104_50,2
patch104_60,2
patch104_70,2
patch104_80,2
patch104_90,2
patch104_100,2
patch104_110,2
patch104_120,2
patch104_130,2
patch104_140,2
patch104_150,2
patch104_160,2
patch104_170,2
patch104_180,2
patch104_190,2
patch104_200,2
patch104_210,2
patch104_220,2
patch104_230,2
patch104_240,2
patch104_250,2
patch104_260,2
patch104_270,2
patch104_280,2
patch104_290,2
patch104_300,2
patch104_310,2
patch104_320,2
patch104_330,2
patch104_340,2
patch104_350,2
patch104_360,2
patch105,2
patch105_10,2
patch105_20,2
patch105_30,2
patch105_40,2
patch105_50,2
patch105_60,2
patch105_70,2
patch105_80,2
patch105_90,2
patch105_100,2
patch105_110,2
patch105_120,2
patch105_130,2
patch105_140,2
patch105_150,2
patch105_160,2
patch105_170,2
patch105_180,2
patch105_190,2
patch105_200,2
patch105_210,2
patch105_220,2
patch105_230,2
patch105_240,2
patch105_250,2
patch105_260,2
patch105_270,2
patch105_280,2
patch105_290,2
patch105_300,2
patch105_310,2
patch105_320,2
patch105_330,2
patch105_340,2
patch105_350,2
patch105_360,2
patch106,2
patch106_10,2
patch106_20,2
patch106_30,2
patch106_40,2
patch106_50,2
patch106_60,2
patch106_70,2
patch106_80,2
patch106_90,2
patch106_100,2
patch106_110,2
patch106_120,2
patch106_130,2
patch106_140,2
patch106_150,2
patch106_160,2
patch106_170,2
patch106_180,2
patch106_190,2
patch106_200,2
patch106_210,2
patch106_220,2
patch106_230,2
patch106_240,2
patch106_250,2
patch106_260,2
patch106_270,2
patch106_280,2
patch106_290,2
patch106_300,2
patch106_310,2
patch106_320,2
patch106_330,2
patch106_340,2
patch106_350,2
patch106_360,2
patch107,2
patch107_10,2
patch107_20,2
patch107_30,2
patch107_40,2
patch107_50,2
patch107_60,2
patch107_70,2
patch107_80,2
patch107_90,2
patch107_100,2
patch107_110,2
patch107_120,2
patch107_130,2
patch107_140,2
patch107_150,2
patch107_160,2
patch107_170,2
patch107_180,2
patch107_190,2
patch107_200,2
patch107_210,2
patch107_220,2
patch107_230,2
patch107_240,2
patch107_250,2
patch107_260,2
patch107_270,2
patch107_280,2
patch107_290,2
patch107_300,2
patch107_310,2
patch107_320,2
patch107_330,2
patch107_340,2
patch107_350,2
patch107_360,2
patch108,2
patch108_10,2
patch108_20,2
patch108_30,2
patch108_40,2
patch108_50,2
patch108_60,2
patch108_70,2
patch108_80,2
patch108_90,2
patch108_100,2
patch108_110,2
patch108_120,2
patch108_130,2
patch108_140,2
patch108_150,2
patch108_160,2
patch108_170,2
patch108_180,2
patch108_190,2
patch108_200,2
patch108_210,2
patch108_220,2
patch108_230,2
patch108_240,2
patch108_250,2
patch108_260,2
patch108_270,2
patch108_280,2
patch108_290,2
patch108_300,2
patch108_310,2
patch108_320,2
patch108_330,2
patch108_340,2
patch108_350,2
patch108_360,2
patch109,2
patch109_10,2
patch109_20,2
patch109_30,2
patch109_40,2
patch109_50,2
patch109_60,2
patch109_70,2
patch109_80,2
patch109_90,2
patch109_100,2
patch109_110,2
patch109_120,2
patch109_130,2
patch109_140,2
patch109_150,2
patch109_160,2
patch109_170,2
patch109_180,2
patch109_190,2
patch109_200,2
patch109_210,2
patch109_220,2
patch109_230,2
patch109_240,2
patch109_250,2
patch109_260,2
patch109_270,2
patch109_280,2
patch109_290,2
patch109_300,2
patch109_310,2
patch109_320,2
patch109_330,2
patch109_340,2
patch109_350,2
patch109_360,2
patch110,3
patch110_10,3
patch110_20,3
patch110_30,3
patch110_40,3
patch110_50,3
patch110_60,3
patch110_70,3
patch110_80,3
patch110_90,3
patch110_100,3
patch110_110,3
patch110_120,3
patch110_130,3
patch110_140,3
patch110_150,3
patch110_160,3
patch110_170,3
patch110_180,3
patch110_190,3
patch110_200,3
patch110_210,3
patch110_220,3
patch110_230,3
patch110_240,3
patch110_250,3
patch110_260,3
patch110_270,3
patch110_280,3
patch110_290,3
patch110_300,3
patch110_310,3
patch110_320,3
patch110_330,3
patch110_340,3
patch110_350,3
patch110_360,3
patch111,3
patch111_10,3
patch111_20,3
patch111_30,3
patch111_40,3
patch111_50,3
patch111_60,3
patch111_70,3
patch111_80,3
patch111_90,3
patch111_100,3
patch111_110,3
patch111_120,3
patch111_130,3
patch111_140,3
patch111_150,3
patch111_160,3
patch111_170,3
patch111_180,3
patch111_190,3
patch111_200,3
patch111_210,3
patch111_220,3
patch111_230,3
patch111_240,3
patch111_250,3
patch111_260,3
patch111_270,3
patch111_280,3
patch111_290,3
patch111_300,3
patch111_310,3
patch111_320,3
patch111_330,3
patch111_340,3
patch111_350,3
patch111_360,3
patch112,3
patch112_10,3
patch112_20,3
patch112_30,3
patch112_40,3
patch112_50,3
patch112_60,3
patch112_70,3
patch112_80,3
patch112_90,3
patch112_100,3
patch112_110,3
patch112_120,3
patch112_130,3
patch112_140,3
patch112_150,3
patch112_160,3
patch112_170,3
patch112_180,3
patch112_190,3
patch112_200,3
patch112_210,3
patch112_220,3
patch112_230,3
patch112_240,3
patch112_250,3
patch112_260,3
patch112_270,3
patch112_280,3
patch112_290,3
patch112_300,3
patch112_310,3
patch112_320,3
patch112_330,3
patch112_340,3
patch112_350,3
patch112_360,3
patch113,3
patch113_10,3
patch113_20,3
patch113_30,3
patch113_40,3
patch113_50,3
patch113_60,3
patch113_70,3
patch113_80,3
patch113_90,3
patch113_100,3
patch113_110,3
patch113_120,3
patch113_130,3
patch113_140,3
patch113_150,3
patch113_160,3
patch113_170,3
patch113_180,3
patch113_190,3
patch113_200,3
patch113_210,3
patch113_220,3
patch113_230,3
patch113_240,3
patch113_250,3
patch113_260,3
patch113_270,3
patch113_280,3
patch113_290,3
patch113_300,3
patch113_310,3
patch113_320,3
patch113_330,3
patch113_340,3
patch113_350,3
patch113_360,3
patch114,3
patch114_10,3
patch114_20,3
patch114_30,3
patch114_40,3
patch114_50,3
patch114_60,3
patch114_70,3
patch114_80,3
patch114_90,3
patch114_100,3
patch114_110,3
patch114_120,3
patch114_130,3
patch114_140,3
patch114_150,3
patch114_160,3
patch114_170,3
patch114_180,3
patch114_190,3
patch114_200,3
patch114_210,3
patch114_220,3
patch114_230,3
patch114_240,3
patch114_250,3
patch114_260,3
patch114_270,3
patch114_280,3
patch114_290,3
patch114_300,3
patch114_310,3
patch114_320,3
patch114_330,3
patch114_340,3
patch114_350,3
patch114_360,3
patch115,3
patch115_10,3
patch115_20,3
patch115_30,3
patch115_40,3
patch115_50,3
patch115_60,3
patch115_70,3
patch115_80,3
patch115_90,3
patch115_100,3
patch115_110,3
patch115_120,3
patch115_130,3
patch115_140,3
patch115_150,3
patch115_160,3
patch115_170,3
patch115_180,3
patch115_190,3
patch115_200,3
patch115_210,3
patch115_220,3
patch115_230,3
patch115_240,3
patch115_250,3
patch115_260,3
patch115_270,3
patch115_280,3
patch115_290,3
patch115_300,3
patch115_310,3
patch115_320,3
patch115_330,3
patch115_340,3
patch115_350,3
patch115_360,3
patch116,3
patch116_10,3
patch116_20,3
patch116_30,3
patch116_40,3
patch116_50,3
patch116_60,3
patch116_70,3
patch116_80,3
patch116_90,3
patch116_100,3
patch116_110,3
patch116_120,3
patch116_130,3
patch116_140,3
patch116_150,3
patch116_160,3
patch116_170,3
patch116_180,3
patch116_190,3
patch116_200,3
patch116_210,3
patch116_220,3
patch116_230,3
patch116_240,3
patch116_250,3
patch116_260,3
patch116_270,3
patch116_280,3
patch116_290,3
patch116_300,3
patch116_310,3
patch116_320,3
patch116_330,3
patch116_340,3
patch116_350,3
patch116_360,3
patch117,3
patch117_10,3
patch117_20,3
patch117_30,3
patch117_40,3
patch117_50,3
patch117_60,3
patch117_70,3
patch117_80,3
patch117_90,3
patch117_100,3
patch117_110,3
patch117_120,3
patch117_130,3
patch117_140,3
patch117_150,3
patch117_160,3
patch117_170,3
patch117_180,3
patch117_190,3
patch117_200,3
patch117_210,3
patch117_220,3
patch117_230,3
patch117_240,3
patch117_250,3
patch117_260,3
patch117_270,3
patch117_280,3
patch117_290,3
patch117_300,3
patch117_310,3
patch117_320,3
patch117_330,3
patch117_340,3
patch117_350,3
patch117_360,3
patch118,3
patch118_10,3
patch118_20,3
patch118_30,3
patch118_40,3
patch118_50,3
patch118_60,3
patch118_70,3
patch118_80,3
patch118_90,3
patch118_100,3
patch118_110,3
patch118_120,3
patch118_130,3
patch118_140,3
patch118_150,3
patch118_160,3
patch118_170,3
patch118_180,3
patch118_190,3
patch118_200,3
patch118_210,3
patch118_220,3
patch118_230,3
patch118_240,3
patch118_250,3
patch118_260,3
patch118_270,3
patch118_280,3
patch118_290,3
patch118_300,3
patch118_310,3
patch118_320,3
patch118_330,3
patch118_340,3
patch118_350,3
patch118_360,3
patch119,3
patch119_10,3
patch119_20,3
patch119_30,3
patch119_40,3
patch119_50,3
patch119_60,3
patch119_70,3
patch119_80,3
patch119_90,3
patch119_100,3
patch119_110,3
patch119_120,3
patch119_130,3
patch119_140,3
patch119_150,3
patch119_160,3
patch119_170,3
patch119_180,3
patch119_190,3
patch119_200,3
patch119_210,3
patch119_220,3
patch119_230,3
patch119_240,3
patch119_250,3
patch119_260,3
patch119_270,3
patch119_280,3
patch119_290,3
patch119_300,3
patch119_310,3
patch119_320,3
patch119_330,3
patch119_340,3
patch119_350,3
patch119_360,3
patch120,3
patch120_10,3
patch120_20,3
patch120_30,3
patch120_40,3
patch120_50,3
patch120_60,3
patch120_70,3
patch120_80,3
patch120_90,3
patch120_100,3
patch120_110,3
patch120_120,3
patch120_130,3
patch120_140,3
patch120_150,3
patch120_160,3
patch120_170,3
patch120_180,3
patch120_190,3
patch120_200,3
patch120_210,3
patch120_220,3
patch120_230,3
patch120_240,3
patch120_250,3
patch120_260,3
patch120_270,3
patch120_280,3
patch120_290,3
patch120_300,3
patch120_310,3
patch120_320,3
patch120_330,3
patch120_340,3
patch120_350,3
patch120_360,3
patch121,3
patch121_10,3
patch121_20,3
patch121_30,3
patch121_40,3
patch121_50,3
patch121_60,3
patch121_70,3
patch121_80,3
patch121_90,3
patch121_100,3
patch121_110,3
patch121_120,3
patch121_130,3
patch121_140,3
patch121_150,3
patch121_160,3
patch121_170,3
patch121_180,3
patch121_190,3
patch121_200,3
patch121_210,3
patch121_220,3
patch121_230,3
patch121_240,3
patch121_250,3
patch121_260,3
patch121_270,3
patch121_280,3
patch121_290,3
patch121_300,3
patch121_310,3
patch121_320,3
patch121_330,3
patch121_340,3
patch121_350,3
patch121_360,3
patch122,3
patch122_10,3
patch122_20,3
patch122_30,3
patch122_40,3
patch122_50,3
patch122_60,3
patch122_70,3
patch122_80,3
patch122_90,3
patch122_100,3
patch122_110,3
patch122_120,3
patch122_130,3
patch122_140,3
patch122_150,3
patch122_160,3
patch122_170,3
patch122_180,3
patch122_190,3
patch122_200,3
patch122_210,3
patch122_220,3
patch122_230,3
patch122_240,3
patch122_250,3
patch122_260,3
patch122_270,3
patch122_280,3
patch122_290,3
patch122_300,3
patch122_310,3
patch122_320,3
patch122_330,3
patch122_340,3
patch122_350,3
patch122_360,3
patch123,3
patch123_10,3
patch123_20,3
patch123_30,3
patch123_40,3
patch123_50,3
patch123_60,3
patch123_70,3
patch123_80,3
patch123_90,3
patch123_100,3
patch123_110,3
patch123_120,3
patch123_130,3
patch123_140,3
patch123_150,3
patch123_160,3
patch123_170,3
patch123_180,3
patch123_190,3
patch123_200,3
patch123_210,3
patch123_220,3
patch123_230,3
patch123_240,3
patch123_250,3
patch123_260,3
patch123_270,3
patch123_280,3
patch123_290,3
patch123_300,3
patch123_310,3
patch123_320,3
patch123_330,3
patch123_340,3
patch123_350,3
patch123_360,3
patch124,3
patch124_10,3
patch124_20,3
patch124_30,3
patch124_40,3
patch124_50,3
patch124_60,3
patch124_70,3
patch124_80,3
patch124_90,3
patch124_100,3
patch124_110,3
patch124_120,3
patch124_130,3
patch124_140,3
patch124_150,3
patch124_160,3
patch124_170,3
patch124_180,3
patch124_190,3
patch124_200,3
patch124_210,3
patch124_220,3
patch124_230,3
patch124_240,3
patch124_250,3
patch124_260,3
patch124_270,3
patch124_280,3
patch124_290,3
patch124_300,3
patch124_310,3
patch124_320,3
patch124_330,3
patch124_340,3
patch124_350,3
patch124_360,3
patch125,3
patch125_10,3
patch125_20,3
patch125_30,3
patch125_40,3
patch125_50,3
patch125_60,3
patch125_70,3
patch125_80,3
patch125_90,3
patch125_100,3
patch125_110,3
patch125_120,3
patch125_130,3
patch125_140,3
patch125_150,3
patch125_160,3
patch125_170,3
patch125_180,3
patch125_190,3
patch125_200,3
patch125_210,3
patch125_220,3
patch125_230,3
patch125_240,3
patch125_250,3
patch125_260,3
patch125_270,3
patch125_280,3
patch125_290,3
patch125_300,3
patch125_310,3
patch125_320,3
patch125_330,3
patch125_340,3
patch125_350,3
patch125_360,3
patch126,3
patch126_10,3
patch126_20,3
patch126_30,3
patch126_40,3
patch126_50,3
patch126_60,3
patch126_70,3
patch126_80,3
patch126_90,3
patch126_100,3
patch126_110,3
patch126_120,3
patch126_130,3
patch126_140,3
patch126_150,3
patch126_160,3
patch126_170,3
patch126_180,3
patch126_190,3
patch126_200,3
patch126_210,3
patch126_220,3
patch126_230,3
patch126_240,3
patch126_250,3
patch126_260,3
patch126_270,3
patch126_280,3
patch126_290,3
patch126_300,3
patch126_310,3
patch126_320,3
patch126_330,3
patch126_340,3
patch126_350,3
patch126_360,3
patch127,3
patch127_10,3
patch127_20,3
patch127_30,3
patch127_40,3
patch127_50,3
patch127_60,3
patch127_70,3
patch127_80,3
patch127_90,3
patch127_100,3
patch127_110,3
patch127_120,3
patch127_130,3
patch127_140,3
patch127_150,3
patch127_160,3
patch127_170,3
patch127_180,3
patch127_190,3
patch127_200,3
patch127_210,3
patch127_220,3
patch127_230,3
patch127_240,3
patch127_250,3
patch127_260,3
patch127_270,3
patch127_280,3
patch127_290,3
patch127_300,3
patch127_310,3
patch127_320,3
patch127_330,3
patch127_340,3
patch127_350,3
patch127_360,3
patch128,3
patch128_10,3
patch128_20,3
patch128_30,3
patch128_40,3
patch128_50,3
patch128_60,3
patch128_70,3
patch128_80,3
patch128_90,3
patch128_100,3
patch128_110,3
patch128_120,3
patch128_130,3
patch128_140,3
patch128_150,3
patch128_160,3
patch128_170,3
patch128_180,3
patch128_190,3
patch128_200,3
patch128_210,3
patch128_220,3
patch128_230,3
patch128_240,3
patch128_250,3
patch128_260,3
patch128_270,3
patch128_280,3
patch128_290,3
patch128_300,3
patch128_310,3
patch128_320,3
patch128_330,3
patch128_340,3
patch128_350,3
patch128_360,3
patch129,3
patch129_10,3
patch129_20,3
patch129_30,3
patch129_40,3
patch129_50,3
patch129_60,3
patch129_70,3
patch129_80,3
patch129_90,3
patch129_100,3
patch129_110,3
patch129_120,3
patch129_130,3
patch129_140,3
patch129_150,3
patch129_160,3
patch129_170,3
patch129_180,3
patch129_190,3
patch129_200,3
patch129_210,3
patch129_220,3
patch129_230,3
patch129_240,3
patch129_250,3
patch129_260,3
patch129_270,3
patch129_280,3
patch129_290,3
patch129_300,3
patch129_310,3
patch129_320,3
patch129_330,3
patch129_340,3
patch129_350,3
patch129_360,3
patch130,3
patch130_10,3
patch130_20,3
patch130_30,3
patch130_40,3
patch130_50,3
patch130_60,3
patch130_70,3
patch130_80,3
patch130_90,3
patch130_100,3
patch130_110,3
patch130_120,3
patch130_130,3
patch130_140,3
patch130_150,3
patch130_160,3
patch130_170,3
patch130_180,3
patch130_190,3
patch130_200,3
patch130_210,3
patch130_220,3
patch130_230,3
patch130_240,3
patch130_250,3
patch130_260,3
patch130_270,3
patch130_280,3
patch130_290,3
patch130_300,3
patch130_310,3
patch130_320,3
patch130_330,3
patch130_340,3
patch130_350,3
patch130_360,3
patch131,3
patch131_10,3
patch131_20,3
patch131_30,3
patch131_40,3
patch131_50,3
patch131_60,3
patch131_70,3
patch131_80,3
patch131_90,3
patch131_100,3
patch131_110,3
patch131_120,3
patch131_130,3
patch131_140,3
patch131_150,3
patch131_160,3
patch131_170,3
patch131_180,3
patch131_190,3
patch131_200,3
patch131_210,3
patch131_220,3
patch131_230,3
patch131_240,3
patch131_250,3
patch131_260,3
patch131_270,3
patch131_280,3
patch131_290,3
patch131_300,3
patch131_310,3
patch131_320,3
patch131_330,3
patch131_340,3
patch131_350,3
patch131_360,3
patch132,3
patch132_10,3
patch132_20,3
patch132_30,3
patch132_40,3
patch132_50,3
patch132_60,3
patch132_70,3
patch132_80,3
patch132_90,3
patch132_100,3
patch132_110,3
patch132_120,3
patch132_130,3
patch132_140,3
patch132_150,3
patch132_160,3
patch132_170,3
patch132_180,3
patch132_190,3
patch132_200,3
patch132_210,3
patch132_220,3
patch132_230,3
patch132_240,3
patch132_250,3
patch132_260,3
patch132_270,3
patch132_280,3
patch132_290,3
patch132_300,3
patch132_310,3
patch132_320,3
patch132_330,3
patch132_340,3
patch132_350,3
patch132_360,3
patch133,3
patch133_10,3
patch133_20,3
patch133_30,3
patch133_40,3
patch133_50,3
patch133_60,3
patch133_70,3
patch133_80,3
patch133_90,3
patch133_100,3
patch133_110,3
patch133_120,3
patch133_130,3
patch133_140,3
patch133_150,3
patch133_160,3
patch133_170,3
patch133_180,3
patch133_190,3
patch133_200,3
patch133_210,3
patch133_220,3
patch133_230,3
patch133_240,3
patch133_250,3
patch133_260,3
patch133_270,3
patch133_280,3
patch133_290,3
patch133_300,3
patch133_310,3
patch133_320,3
patch133_330,3
patch133_340,3
patch133_350,3
patch133_360,3
patch134,3
patch134_10,3
patch134_20,3
patch134_30,3
patch134_40,3
patch134_50,3
patch134_60,3
patch134_70,3
patch134_80,3
patch134_90,3
patch134_100,3
patch134_110,3
patch134_120,3
patch134_130,3
patch134_140,3
patch134_150,3
patch134_160,3
patch134_170,3
patch134_180,3
patch134_190,3
patch134_200,3
patch134_210,3
patch134_220,3
patch134_230,3
patch134_240,3
patch134_250,3
patch134_260,3
patch134_270,3
patch134_280,3
patch134_290,3
patch134_300,3
patch134_310,3
patch134_320,3
patch134_330,3
patch134_340,3
patch134_350,3
patch134_360,3
patch135,3
patch135_10,3
patch135_20,3
patch135_30,3
patch135_40,3
patch135_50,3
patch135_60,3
patch135_70,3
patch135_80,3
patch135_90,3
patch135_100,3
patch135_110,3
patch135_120,3
patch135_130,3
patch135_140,3
patch135_150,3
patch135_160,3
patch135_170,3
patch135_180,3
patch135_190,3
patch135_200,3
patch135_210,3
patch135_220,3
patch135_230,3
patch135_240,3
patch135_250,3
patch135_260,3
patch135_270,3
patch135_280,3
patch135_290,3
patch135_300,3
patch135_310,3
patch135_320,3
patch135_330,3
patch135_340,3
patch135_350,3
patch135_360,3
patch136,3
patch136_10,3
patch136_20,3
patch136_30,3
patch136_40,3
patch136_50,3
patch136_60,3
patch136_70,3
patch136_80,3
patch136_90,3
patch136_100,3
patch136_110,3
patch136_120,3
patch136_130,3
patch136_140,3
patch136_150,3
patch136_160,3
patch136_170,3
patch136_180,3
patch136_190,3
patch136_200,3
patch136_210,3
patch136_220,3
patch136_230,3
patch136_240,3
patch136_250,3
patch136_260,3
patch136_270,3
patch136_280,3
patch136_290,3
patch136_300,3
patch136_310,3
patch136_320,3
patch136_330,3
patch136_340,3
patch136_350,3
patch136_360,3
patch137,3
patch137_10,3
patch137_20,3
patch137_30,3
patch137_40,3
patch137_50,3
patch137_60,3
patch137_70,3
patch137_80,3
patch137_90,3
patch137_100,3
patch137_110,3
patch137_120,3
patch137_130,3
patch137_140,3
patch137_150,3
patch137_160,3
patch137_170,3
patch137_180,3
patch137_190,3
patch137_200,3
patch137_210,3
patch137_220,3
patch137_230,3
patch137_240,3
patch137_250,3
patch137_260,3
patch137_270,3
patch137_280,3
patch137_290,3
patch137_300,3
patch137_310,3
patch137_320,3
patch137_330,3
patch137_340,3
patch137_350,3
patch137_360,3
patch138,3
patch138_10,3
patch138_20,3
patch138_30,3
patch138_40,3
patch138_50,3
patch138_60,3
patch138_70,3
patch138_80,3
patch138_90,3
patch138_100,3
patch138_110,3
patch138_120,3
patch138_130,3
patch138_140,3
patch138_150,3
patch138_160,3
patch138_170,3
patch138_180,3
patch138_190,3
patch138_200,3
patch138_210,3
patch138_220,3
patch138_230,3
patch138_240,3
patch138_250,3
patch138_260,3
patch138_270,3
patch138_280,3
patch138_290,3
patch138_300,3
patch138_310,3
patch138_320,3
patch138_330,3
patch138_340,3
patch138_350,3
patch138_360,3
patch139,3
patch139_10,3
patch139_20,3
patch139_30,3
patch139_40,3
patch139_50,3
patch139_60,3
patch139_70,3
patch139_80,3
patch139_90,3
patch139_100,3
patch139_110,3
patch139_120,3
patch139_130,3
patch139_140,3
patch139_150,3
patch139_160,3
patch139_170,3
patch139_180,3
patch139_190,3
patch139_200,3
patch139_210,3
patch139_220,3
patch139_230,3
patch139_240,3
patch139_250,3
patch139_260,3
patch139_270,3
patch139_280,3
patch139_290,3
patch139_300,3
patch139_310,3
patch139_320,3
patch139_330,3
patch139_340,3
patch139_350,3
patch139_360,3
patch140,3
patch140_10,3
patch140_20,3
patch140_30,3
patch140_40,3
patch140_50,3
patch140_60,3
patch140_70,3
patch140_80,3
patch140_90,3
patch140_100,3
patch140_110,3
patch140_120,3
patch140_130,3
patch140_140,3
patch140_150,3
patch140_160,3
patch140_170,3
patch140_180,3
patch140_190,3
patch140_200,3
patch140_210,3
patch140_220,3
patch140_230,3
patch140_240,3
patch140_250,3
patch140_260,3
patch140_270,3
patch140_280,3
patch140_290,3
patch140_300,3
patch140_310,3
patch140_320,3
patch140_330,3
patch140_340,3
patch140_350,3
patch140_360,3
patch141,3
patch141_10,3
patch141_20,3
patch141_30,3
patch141_40,3
patch141_50,3
patch141_60,3
patch141_70,3
patch141_80,3
patch141_90,3
patch141_100,3
patch141_110,3
patch141_120,3
patch141_130,3
patch141_140,3
patch141_150,3
patch141_160,3
patch141_170,3
patch141_180,3
patch141_190,3
patch141_200,3
patch141_210,3
patch141_220,3
patch141_230,3
patch141_240,3
patch141_250,3
patch141_260,3
patch141_270,3
patch141_280,3
patch141_290,3
patch141_300,3
patch141_310,3
patch141_320,3
patch141_330,3
patch141_340,3
patch141_350,3
patch141_360,3
patch142,3
patch142_10,3
patch142_20,3
patch142_30,3
patch142_40,3
patch142_50,3
patch142_60,3
patch142_70,3
patch142_80,3
patch142_90,3
patch142_100,3
patch142_110,3
patch142_120,3
patch142_130,3
patch142_140,3
patch142_150,3
patch142_160,3
patch142_170,3
patch142_180,3
patch142_190,3
patch142_200,3
patch142_210,3
patch142_220,3
patch142_230,3
patch142_240,3
patch142_250,3
patch142_260,3
patch142_270,3
patch142_280,3
patch142_290,3
patch142_300,3
patch142_310,3
patch142_320,3
patch142_330,3
patch142_340,3
patch142_350,3
patch142_360,3
patch143,3
patch143_10,3
patch143_20,3
patch143_30,3
patch143_40,3
patch143_50,3
patch143_60,3
patch143_70,3
patch143_80,3
patch143_90,3
patch143_100,3
patch143_110,3
patch143_120,3
patch143_130,3
patch143_140,3
patch143_150,3
patch143_160,3
patch143_170,3
patch143_180,3
patch143_190,3
patch143_200,3
patch143_210,3
patch143_220,3
patch143_230,3
patch143_240,3
patch143_250,3
patch143_260,3
patch143_270,3
patch143_280,3
patch143_290,3
patch143_300,3
patch143_310,3
patch143_320,3
patch143_330,3
patch143_340,3
patch143_350,3
patch143_360,3
patch144,3
patch144_10,3
patch144_20,3
patch144_30,3
patch144_40,3
patch144_50,3
patch144_60,3
patch144_70,3
patch144_80,3
patch144_90,3
patch144_100,3
patch144_110,3
patch144_120,3
patch144_130,3
patch144_140,3
patch144_150,3
patch144_160,3
patch144_170,3
patch144_180,3
patch144_190,3
patch144_200,3
patch144_210,3
patch144_220,3
patch144_230,3
patch144_240,3
patch144_250,3
patch144_260,3
patch144_270,3
patch144_280,3
patch144_290,3
patch144_300,3
patch144_310,3
patch144_320,3
patch144_330,3
patch144_340,3
patch144_350,3
patch144_360,3
patch145,3
patch145_10,3
patch145_20,3
patch145_30,3
patch145_40,3
patch145_50,3
patch145_60,3
patch145_70,3
patch145_80,3
patch145_90,3
patch145_100,3
patch145_110,3
patch145_120,3
patch145_130,3
patch145_140,3
patch145_150,3
patch145_160,3
patch145_170,3
patch145_180,3
patch145_190,3
patch145_200,3
patch145_210,3
patch145_220,3
patch145_230,3
patch145_240,3
patch145_250,3
patch145_260,3
patch145_270,3
patch145_280,3
patch145_290,3
patch145_300,3
patch145_310,3
patch145_320,3
patch145_330,3
patch145_340,3
patch145_350,3
patch145_360,3
patch146,3
patch146_10,3
patch146_20,3
patch146_30,3
patch146_40,3
patch146_50,3
patch146_60,3
patch146_70,3
patch146_80,3
patch146_90,3
patch146_100,3
patch146_110,3
patch146_120,3
patch146_130,3
patch146_140,3
patch146_150,3
patch146_160,3
patch146_170,3
patch146_180,3
patch146_190,3
patch146_200,3
patch146_210,3
patch146_220,3
patch146_230,3
patch146_240,3
patch146_250,3
patch146_260,3
patch146_270,3
patch146_280,3
patch146_290,3
patch146_300,3
patch146_310,3
patch146_320,3
patch146_330,3
patch146_340,3
patch146_350,3
patch146_360,3
patch147,3
patch147_10,3
patch147_20,3
patch147_30,3
patch147_40,3
patch147_50,3
patch147_60,3
patch147_70,3
patch147_80,3
patch147_90,3
patch147_100,3
patch147_110,3
patch147_120,3
patch147_130,3
patch147_140,3
patch147_150,3
patch147_160,3
patch147_170,3
patch147_180,3
patch147_190,3
patch147_200,3
patch147_210,3
patch147_220,3
patch147_230,3
patch147_240,3
patch147_250,3
patch147_260,3
patch147_270,3
patch147_280,3
patch147_290,3
patch147_300,3
patch147_310,3
patch147_320,3
patch147_330,3
patch147_340,3
patch147_350,3
patch147_360,3
patch148,3
patch148_10,3
patch148_20,3
patch148_30,3
patch148_40,3
patch148_50,3
patch148_60,3
patch148_70,3
patch148_80,3
patch148_90,3
patch148_100,3
patch148_110,3
patch148_120,3
patch148_130,3
patch148_140,3
patch148_150,3
patch148_160,3
patch148_170,3
patch148_180,3
patch148_190,3
patch148_200,3
patch148_210,3
patch148_220,3
patch148_230,3
patch148_240,3
patch148_250,3
patch148_260,3
patch148_270,3
patch148_280,3
patch148_290,3
patch148_300,3
patch148_310,3
patch148_320,3
patch148_330,3
patch148_340,3
patch148_350,3
patch148_360,3
patch149,3
patch149_10,3
patch149_20,3
patch149_30,3
patch149_40,3
patch149_50,3
patch149_60,3
patch149_70,3
patch149_80,3
patch149_90,3
patch149_100,3
patch149_110,3
patch149_120,3
patch149_130,3
patch149_140,3
patch149_150,3
patch149_160,3
patch149_170,3
patch149_180,3
patch149_190,3
patch149_200,3
patch149_210,3
patch149_220,3
patch149_230,3
patch149_240,3
patch149_250,3
patch149_260,3
patch149_270,3
patch149_280,3
patch149_290,3
patch149_300,3
patch149_310,3
patch149_320,3
patch149_330,3
patch149_340,3
patch149_350,3
patch149_360,3
patch150,3
patch150_10,3
patch150_20,3
patch150_30,3
patch150_40,3
patch150_50,3
patch150_60,3
patch150_70,3
patch150_80,3
patch150_90,3
patch150_100,3
patch150_110,3
patch150_120,3
patch150_130,3
patch150_140,3
patch150_150,3
patch150_160,3
patch150_170,3
patch150_180,3
patch150_190,3
patch150_200,3
patch150_210,3
patch150_220,3
patch150_230,3
patch150_240,3
patch150_250,3
patch150_260,3
patch150_270,3
patch150_280,3
patch150_290,3
patch150_300,3
patch150_310,3
patch150_320,3
patch150_330,3
patch150_340,3
patch150_350,3
patch150_360,3
patch151,3
patch151_10,3
patch151_20,3
patch151_30,3
patch151_40,3
patch151_50,3
patch151_60,3
patch151_70,3
patch151_80,3
patch151_90,3
patch151_100,3
patch151_110,3
patch151_120,3
patch151_130,3
patch151_140,3
patch151_150,3
patch151_160,3
patch151_170,3
patch151_180,3
patch151_190,3
patch151_200,3
patch151_210,3
patch151_220,3
patch151_230,3
patch151_240,3
patch151_250,3
patch151_260,3
patch151_270,3
patch151_280,3
patch151_290,3
patch151_300,3
patch151_310,3
patch151_320,3
patch151_330,3
patch151_340,3
patch151_350,3
patch151_360,3
patch152,3
patch152_10,3
patch152_20,3
patch152_30,3
patch152_40,3
patch152_50,3
patch152_60,3
patch152_70,3
patch152_80,3
patch152_90,3
patch152_100,3
patch152_110,3
patch152_120,3
patch152_130,3
patch152_140,3
patch152_150,3
patch152_160,3
patch152_170,3
patch152_180,3
patch152_190,3
patch152_200,3
patch152_210,3
patch152_220,3
patch152_230,3
patch152_240,3
patch152_250,3
patch152_260,3
patch152_270,3
patch152_280,3
patch152_290,3
patch152_300,3
patch152_310,3
patch152_320,3
patch152_330,3
patch152_340,3
patch152_350,3
patch152_360,3
patch153,3
patch153_10,3
patch153_20,3
patch153_30,3
patch153_40,3
patch153_50,3
patch153_60,3
patch153_70,3
patch153_80,3
patch153_90,3
patch153_100,3
patch153_110,3
patch153_120,3
patch153_130,3
patch153_140,3
patch153_150,3
patch153_160,3
patch153_170,3
patch153_180,3
patch153_190,3
patch153_200,3
patch153_210,3
patch153_220,3
patch153_230,3
patch153_240,3
patch153_250,3
patch153_260,3
patch153_270,3
patch153_280,3
patch153_290,3
patch153_300,3
patch153_310,3
patch153_320,3
patch153_330,3
patch153_340,3
patch153_350,3
patch153_360,3
patch154,3
patch154_10,3
patch154_20,3
patch154_30,3
patch154_40,3
patch154_50,3
patch154_60,3
patch154_70,3
patch154_80,3
patch154_90,3
patch154_100,3
patch154_110,3
patch154_120,3
patch154_130,3
patch154_140,3
patch154_150,3
patch154_160,3
patch154_170,3
patch154_180,3
patch154_190,3
patch154_200,3
patch154_210,3
patch154_220,3
patch154_230,3
patch154_240,3
patch154_250,3
patch154_260,3
patch154_270,3
patch154_280,3
patch154_290,3
patch154_300,3
patch154_310,3
patch154_320,3
patch154_330,3
patch154_340,3
patch154_350,3
patch154_360,3
patch155,3
patch155_10,3
patch155_20,3
patch155_30,3
patch155_40,3
patch155_50,3
patch155_60,3
patch155_70,3
patch155_80,3
patch155_90,3
patch155_100,3
patch155_110,3
patch155_120,3
patch155_130,3
patch155_140,3
patch155_150,3
patch155_160,3
patch155_170,3
patch155_180,3
patch155_190,3
patch155_200,3
patch155_210,3
patch155_220,3
patch155_230,3
patch155_240,3
patch155_250,3
patch155_260,3
patch155_270,3
patch155_280,3
patch155_290,3
patch155_300,3
patch155_310,3
patch155_320,3
patch155_330,3
patch155_340,3
patch155_350,3
patch155_360,3
patch156,3
patch156_10,3
patch156_20,3
patch156_30,3
patch156_40,3
patch156_50,3
patch156_60,3
patch156_70,3
patch156_80,3
patch156_90,3
patch156_100,3
patch156_110,3
patch156_120,3
patch156_130,3
patch156_140,3
patch156_150,3
patch156_160,3
patch156_170,3
patch156_180,3
patch156_190,3
patch156_200,3
patch156_210,3
patch156_220,3
patch156_230,3
patch156_240,3
patch156_250,3
patch156_260,3
patch156_270,3
patch156_280,3
patch156_290,3
patch156_300,3
patch156_310,3
patch156_320,3
patch156_330,3
patch156_340,3
patch156_350,3
patch156_360,3
patch157,3
patch157_10,3
patch157_20,3
patch157_30,3
patch157_40,3
patch157_50,3
patch157_60,3
patch157_70,3
patch157_80,3
patch157_90,3
patch157_100,3
patch157_110,3
patch157_120,3
patch157_130,3
patch157_140,3
patch157_150,3
patch157_160,3
patch157_170,3
patch157_180,3
patch157_190,3
patch157_200,3
patch157_210,3
patch157_220,3
patch157_230,3
patch157_240,3
patch157_250,3
patch157_260,3
patch157_270,3
patch157_280,3
patch157_290,3
patch157_300,3
patch157_310,3
patch157_320,3
patch157_330,3
patch157_340,3
patch157_350,3
patch157_360,3
patch158,3
patch158_10,3
patch158_20,3
patch158_30,3
patch158_40,3
patch158_50,3
patch158_60,3
patch158_70,3
patch158_80,3
patch158_90,3
patch158_100,3
patch158_110,3
patch158_120,3
patch158_130,3
patch158_140,3
patch158_150,3
patch158_160,3
patch158_170,3
patch158_180,3
patch158_190,3
patch158_200,3
patch158_210,3
patch158_220,3
patch158_230,3
patch158_240,3
patch158_250,3
patch158_260,3
patch158_270,3
patch158_280,3
patch158_290,3
patch158_300,3
patch158_310,3
patch158_320,3
patch158_330,3
patch158_340,3
patch158_350,3
patch158_360,3
patch159,3
patch159_10,3
patch159_20,3
patch159_30,3
patch159_40,3
patch159_50,3
patch159_60,3
patch159_70,3
patch159_80,3
patch159_90,3
patch159_100,3
patch159_110,3
patch159_120,3
patch159_130,3
patch159_140,3
patch159_150,3
patch159_160,3
patch159_170,3
patch159_180,3
patch159_190,3
patch159_200,3
patch159_210,3
patch159_220,3
patch159_230,3
patch159_240,3
patch159_250,3
patch159_260,3
patch159_270,3
patch159_280,3
patch159_290,3
patch159_300,3
patch159_310,3
patch159_320,3
patch159_330,3
patch159_340,3
patch159_350,3
patch159_360,3
patch160,3
patch160_10,3
patch160_20,3
patch160_30,3
patch160_40,3
patch160_50,3
patch160_60,3
patch160_70,3
patch160_80,3
patch160_90,3
patch160_100,3
patch160_110,3
patch160_120,3
patch160_130,3
patch160_140,3
patch160_150,3
patch160_160,3
patch160_170,3
patch160_180,3
patch160_190,3
patch160_200,3
patch160_210,3
patch160_220,3
patch160_230,3
patch160_240,3
patch160_250,3
patch160_260,3
patch160_270,3
patch160_280,3
patch160_290,3
patch160_300,3
patch160_310,3
patch160_320,3
patch160_330,3
patch160_340,3
patch160_350,3
patch160_360,3
patch161,3
patch161_10,3
patch161_20,3
patch161_30,3
patch161_40,3
patch161_50,3
patch161_60,3
patch161_70,3
patch161_80,3
patch161_90,3
patch161_100,3
patch161_110,3
patch161_120,3
patch161_130,3
patch161_140,3
patch161_150,3
patch161_160,3
patch161_170,3
patch161_180,3
patch161_190,3
patch161_200,3
patch161_210,3
patch161_220,3
patch161_230,3
patch161_240,3
patch161_250,3
patch161_260,3
patch161_270,3
patch161_280,3
patch161_290,3
patch161_300,3
patch161_310,3
patch161_320,3
patch161_330,3
patch161_340,3
patch161_350,3
patch161_360,3
patch162,3
patch162_10,3
patch162_20,3
patch162_30,3
patch162_40,3
patch162_50,3
patch162_60,3
patch162_70,3
patch162_80,3
patch162_90,3
patch162_100,3
patch162_110,3
patch162_120,3
patch162_130,3
patch162_140,3
patch162_150,3
patch162_160,3
patch162_170,3
patch162_180,3
patch162_190,3
patch162_200,3
patch162_210,3
patch162_220,3
patch162_230,3
patch162_240,3
patch162_250,3
patch162_260,3
patch162_270,3
patch162_280,3
patch162_290,3
patch162_300,3
patch162_310,3
patch162_320,3
patch162_330,3
patch162_340,3
patch162_350,3
patch162_360,3
patch163,3
patch163_10,3
patch163_20,3
patch163_30,3
patch163_40,3
patch163_50,3
patch163_60,3
patch163_70,3
patch163_80,3
patch163_90,3
patch163_100,3
patch163_110,3
patch163_120,3
patch163_130,3
patch163_140,3
patch163_150,3
patch163_160,3
patch163_170,3
patch163_180,3
patch163_190,3
patch163_200,3
patch163_210,3
patch163_220,3
patch163_230,3
patch163_240,3
patch163_250,3
patch163_260,3
patch163_270,3
patch163_280,3
patch163_290,3
patch163_300,3
patch163_310,3
patch163_320,3
patch163_330,3
patch163_340,3
patch163_350,3
patch163_360,3
patch164,3
patch164_10,3
patch164_20,3
patch164_30,3
patch164_40,3
patch164_50,3
patch164_60,3
patch164_70,3
patch164_80,3
patch164_90,3
patch164_100,3
patch164_110,3
patch164_120,3
patch164_130,3
patch164_140,3
patch164_150,3
patch164_160,3
patch164_170,3
patch164_180,3
patch164_190,3
patch164_200,3
patch164_210,3
patch164_220,3
patch164_230,3
patch164_240,3
patch164_250,3
patch164_260,3
patch164_270,3
patch164_280,3
patch164_290,3
patch164_300,3
patch164_310,3
patch164_320,3
patch164_330,3
patch164_340,3
patch164_350,3
patch164_360,3
patch165,3
patch165_10,3
patch165_20,3
patch165_30,3
patch165_40,3
patch165_50,3
patch165_60,3
patch165_70,3
patch165_80,3
patch165_90,3
patch165_100,3
patch165_110,3
patch165_120,3
patch165_130,3
patch165_140,3
patch165_150,3
patch165_160,3
patch165_170,3
patch165_180,3
patch165_190,3
patch165_200,3
patch165_210,3
patch165_220,3
patch165_230,3
patch165_240,3
patch165_250,3
patch165_260,3
patch165_270,3
patch165_280,3
patch165_290,3
patch165_300,3
patch165_310,3
patch165_320,3
patch165_330,3
patch165_340,3
patch165_350,3
patch165_360,3
patch166,3
patch166_10,3
patch166_20,3
patch166_30,3
patch166_40,3
patch166_50,3
patch166_60,3
patch166_70,3
patch166_80,3
patch166_90,3
patch166_100,3
patch166_110,3
patch166_120,3
patch166_130,3
patch166_140,3
patch166_150,3
patch166_160,3
patch166_170,3
patch166_180,3
patch166_190,3
patch166_200,3
patch166_210,3
patch166_220,3
patch166_230,3
patch166_240,3
patch166_250,3
patch166_260,3
patch166_270,3
patch166_280,3
patch166_290,3
patch166_300,3
patch166_310,3
patch166_320,3
patch166_330,3
patch166_340,3
patch166_350,3
patch166_360,3
patch167,3
patch167_10,3
patch167_20,3
patch167_30,3
patch167_40,3
patch167_50,3
patch167_60,3
patch167_70,3
patch167_80,3
patch167_90,3
patch167_100,3
patch167_110,3
patch167_120,3
patch167_130,3
patch167_140,3
patch167_150,3
patch167_160,3
patch167_170,3
patch167_180,3
patch167_190,3
patch167_200,3
patch167_210,3
patch167_220,3
patch167_230,3
patch167_240,3
patch167_250,3
patch167_260,3
patch167_270,3
patch167_280,3
patch167_290,3
patch167_300,3
patch167_310,3
patch167_320,3
patch167_330,3
patch167_340,3
patch167_350,3
patch167_360,3
patch168,3
patch168_10,3
patch168_20,3
patch168_30,3
patch168_40,3
patch168_50,3
patch168_60,3
patch168_70,3
patch168_80,3
patch168_90,3
patch168_100,3
patch168_110,3
patch168_120,3
patch168_130,3
patch168_140,3
patch168_150,3
patch168_160,3
patch168_170,3
patch168_180,3
patch168_190,3
patch168_200,3
patch168_210,3
patch168_220,3
patch168_230,3
patch168_240,3
patch168_250,3
patch168_260,3
patch168_270,3
patch168_280,3
patch168_290,3
patch168_300,3
patch168_310,3
patch168_320,3
patch168_330,3
patch168_340,3
patch168_350,3
patch168_360,3
